Date,VIX,Returns,SP500 ,Log returns
41688.00,13.87,,1840.76001,
41689.00,15.5,0.11111179,1828.75,-0.006545862
41690.00,14.79,-0.046888747,1839.780029,0.006013342
41691.00,14.68,-0.007465254,1836.25,-0.001920567
41694.00,14.23,-0.031133611,1847.609985,0.006167455
41695.00,13.67,-0.040148761,1845.119995,-0.001348591
41696.00,14.35,0.048546291,1845.160034,2.16997E-05
41697.00,14.04,-0.021839544,1854.290039,0.004935881
41698.00,14,-0.002853069,1859.449951,0.002778824
41701.00,16,0.133531393,1845.72998,-0.007405866
41702.00,14.1,-0.126413925,1873.910034,0.015152323
41703.00,13.89,-0.015005641,1873.810059,-5.33524E-05
41704.00,14.21,0.022776785,1877.030029,0.001716933
41705.00,14.11,-0.007062176,1878.040039,0.000537945
41708.00,14.2,0.006358199,1877.170044,-0.000463354
41709.00,14.8,0.041385216,1867.630005,-0.005095097
41710.00,14.47,-0.02254964,1868.199951,0.000305124
41711.00,16.219999,0.114167446,1846.339966,-0.011770092
41712.00,17.82,0.094076435,1841.130005,-0.002825766
41715.00,15.64,-0.130489687,1858.829956,0.009567718
41716.00,14.52,-0.074304726,1872.25,0.007193682
41717.00,15.12,0.040491361,1860.77002,-0.006150525
41718.00,14.52,-0.040491361,1872.01001,0.006022334
41719.00,15,0.032523192,1866.52002,-0.00293698
41722.00,15.09,0.005982072,1857.439941,-0.004876581
41723.00,14.02,-0.073547391,1865.619995,0.004394271
41724.00,14.93,0.06288773,1852.560059,-0.007024937
41725.00,14.62,-0.020982157,1849.040039,-0.001901892
41726.00,14.41,-0.014468044,1857.619995,0.004629489
41729.00,13.88,-0.037473455,1872.339966,0.007892872
41730.00,13.1,-0.057836725,1885.52002,0.007014688
41731.00,13.09,-0.00076365,1890.900024,0.002849263
41732.00,13.37,0.021164811,1888.77002,-0.001127085
41733.00,13.96,0.043182706,1865.089966,-0.012616543
41736.00,15.57,0.109149889,1845.040039,-0.010808312
41737.00,14.89,-0.044656139,1851.959961,0.003743538
41738.00,13.82,-0.074573028,1872.180054,0.010859039
41739.00,15.89,0.139573162,1833.079956,-0.021105968
41740.00,17.030001,0.069286573,1815.689941,-0.00953206
41743.00,16.110001,-0.055536294,1830.609985,0.008183708
41744.00,15.61,-0.031528525,1842.97998,0.006734579
41745.00,14.18,-0.096079213,1862.310059,0.010433868
41746.00,13.36,-0.059567353,1864.849976,0.001362924
41750.00,13.25,-0.008267616,1871.890015,0.003768016
41751.00,13.19,-0.004538586,1879.550049,0.004083789
41752.00,13.27,0.006046882,1875.390015,-0.002215767
41753.00,13.32,0.003760817,1878.609985,0.001715488
41754.00,14.06,0.054067221,1863.400024,-0.008129345
41757.00,13.97,-0.006421713,1869.430054,0.003230812
41758.00,13.71,-0.01878668,1878.329956,0.00474946
41759.00,13.41,-0.022124796,1883.949951,0.00298755
41760.00,13.25,-0.012003145,1883.680054,-0.000143271
41761.00,12.91,-0.025995348,1881.140015,-0.001349355
41764.00,13.29,0.029009668,1884.660034,0.001869467
41765.00,13.8,0.037656719,1867.719971,-0.009029031
41766.00,13.4,-0.029413885,1878.209961,0.005600755
41767.00,13.43,0.002236304,1875.630005,-0.001374569
41768.00,12.92,-0.038714512,1878.47998,0.001518323
41771.00,12.23,-0.054884549,1896.650024,0.009626256
41772.00,12.13,-0.008210227,1897.449951,0.000421669
41773.00,12.17,0.003292184,1888.530029,-0.00471209
41774.00,13.17,0.078967609,1870.849976,-0.009405904
41775.00,12.44,-0.057024428,1877.859985,0.003739962
41778.00,12.42,-0.001609011,1885.079956,0.003837414
41779.00,12.96,0.042559614,1872.829956,-0.006519605
41780.00,11.91,-0.084489308,1888.030029,0.00808334
41781.00,12.03,0.010025147,1892.48999,0.002359444
41782.00,11.36,-0.057305117,1900.530029,0.004239393
41786.00,11.51,0.013117809,1911.910034,0.00596995
41787.00,11.68,0.014661755,1909.780029,-0.001114693
41788.00,11.57,-0.009462436,1920.030029,0.005352759
41789.00,11.4,-0.014802186,1923.569946,0.00184198
41792.00,11.58,0.015666117,1924.969971,0.000727562
41793.00,11.87,0.024734736,1924.23999,-0.000379289
41794.00,12.08,0.017536984,1927.880005,0.001889877
41795.00,11.68,-0.033673215,1940.459961,0.006504082
41796.00,10.73,-0.084834421,1949.439941,0.004617083
41799.00,11.15,0.038395941,1951.27002,0.000938331
41800.00,10.99,-0.014453729,1950.790039,-0.000246014
41801.00,11.6,0.05401933,1943.890015,-0.003543311
41802.00,12.56,0.079512063,1930.109985,-0.007114139
41803.00,12.18,-0.030721899,1936.160034,0.003129659
41806.00,12.65,0.037861953,1937.780029,0.000836355
41807.00,12.06,-0.047763024,1941.98999,0.002170212
41808.00,10.61,-0.128097239,1956.97998,0.007689243
41809.00,10.62,0.000942063,1959.47998,0.001276663
41810.00,10.85,0.021426064,1962.869995,0.001728564
41813.00,10.98,0.011910356,1962.609985,-0.000132473
41814.00,12.13,0.099606287,1949.97998,-0.006456107
41815.00,11.59,-0.045539066,1959.530029,0.004885558
41816.00,11.63,0.003445309,1957.219971,-0.001179579
41817.00,11.26,-0.032331344,1960.959961,0.001909045
41820.00,11.57,0.027158918,1960.22998,-0.000372326
41821.00,11.15,-0.036976043,1973.319946,0.006655573
41822.00,10.82,-0.030043224,1974.619995,0.000658596
41823.00,10.32,-0.047312513,1985.439941,0.00546455
41827.00,11.33,0.093370315,1977.650024,-0.003931239
41828.00,11.98,0.055784518,1963.709961,-0.007073762
41829.00,11.65,-0.027932413,1972.829956,0.004633516
41830.00,12.59,0.077596668,1964.680054,-0.004139628
41831.00,12.08,-0.041351656,1967.569946,0.001469842
41834.00,11.82,-0.021758181,1977.099976,0.004831861
41835.00,11.96,0.011774737,1973.280029,-0.001933965
41836.00,11,-0.083672476,1981.569946,0.004192285
41837.00,14.54,0.279008199,1958.119995,-0.011904606
41838.00,12.06,-0.187009281,1978.219971,0.010212609
41841.00,12.81,0.060331925,1973.630005,-0.002322947
41842.00,12.24,-0.045516839,1983.530029,0.005003611
41843.00,11.52,-0.060624622,1987.01001,0.001752901
41844.00,11.84,0.027398974,1987.97998,0.000488036
41845.00,12.69,0.069330652,1978.339966,-0.004860946
41848.00,12.56,-0.010297121,1978.910034,0.000288113
41849.00,13.28,0.055741983,1969.949951,-0.004538068
41850.00,13.33,0.00375799,1970.069946,6.09109E-05
41851.00,16.950001,0.240250759,1930.670044,-0.020201932
41852.00,17.030001,0.004708661,1925.150024,-0.002863216
41855.00,15.12,-0.118958183,1938.98999,0.007163315
41856.00,16.870001,0.109518585,1920.209961,-0.009732679
41857.00,16.370001,-0.030086503,1920.23999,1.56383E-05
41858.00,16.66,0.017560184,1909.569946,-0.005572115
41859.00,15.77,-0.054901236,1931.589966,0.011465423
41862.00,14.23,-0.102756989,1936.920044,0.002755625
41863.00,14.13,-0.007052215,1933.75,-0.001637982
41864.00,12.9,-0.091072885,1946.719971,0.006684767
41865.00,12.42,-0.037919235,1955.180054,0.004336398
41866.00,13.15,0.057113682,1955.060059,-6.13747E-05
41869.00,12.32,-0.065197801,1971.73999,0.008495483
41870.00,12.21,-0.00896867,1981.599976,0.004988191
41871.00,11.78,-0.03585211,1986.51001,0.002474748
41872.00,11.76,-0.001699236,1992.369995,0.002945547
41873.00,11.47,-0.024969011,1988.400024,-0.001994575
41876.00,11.7,0.019853911,1997.920044,0.004776354
41877.00,11.63,-0.006000875,2000.02002,0.001050529
41878.00,11.78,0.012815212,2000.119995,4.99858E-05
41879.00,12.05,0.022661482,1996.73999,-0.001691331
41880.00,12.09,0.003314005,2003.369995,0.003314914
41884.00,12.25,0.013147272,2002.280029,-0.000544214
41885.00,12.36,0.008939515,2000.719971,-0.000779444
41886.00,12.64,0.022400937,1997.650024,-0.0015356
41887.00,12.09,-0.044487724,2007.709961,0.005023248
41890.00,12.66,0.046068752,2001.540039,-0.003077846
41891.00,13.5,0.064242269,1988.439941,-0.006566522
41892.00,12.88,-0.047013965,1995.689941,0.003639444
41893.00,12.8,-0.00623055,1997.449951,0.000881517
41894.00,13.31,0.039070461,1985.540039,-0.005980405
41897.00,14.12,0.0590766,1984.130005,-0.000710404
41898.00,12.73,-0.103630819,1998.97998,0.007456507
41899.00,12.65,-0.006304197,2001.569946,0.001294805
41900.00,12.03,-0.050253685,2011.359985,0.004879257
41901.00,12.11,0.006628028,2010.400024,-0.000477384
41904.00,13.69,0.122634082,1994.290039,-0.008045602
41905.00,14.93,0.086706972,1982.77002,-0.00579325
41906.00,13.27,-0.117866763,1998.300049,0.007801977
41907.00,15.64,0.164325887,1965.98999,-0.016300913
41908.00,14.85,-0.05183187,1982.849976,0.008539261
41911.00,15.98,0.073338075,1977.800049,-0.002550051
41912.00,16.309999,0.020440415,1972.290039,-0.002789817
41913.00,16.709999,0.024228927,1946.160034,-0.013337106
41914.00,16.16,-0.03346823,1946.170044,5.14345E-06
41915.00,14.55,-0.104948059,1967.900024,0.011103635
41918.00,15.46,0.06066505,1964.819946,-0.001566386
41919.00,17.200001,0.106653399,1935.099976,-0.015241618
41920.00,15.11,-0.129552666,1968.890015,0.017310947
41921.00,18.76,0.216370167,1928.209961,-0.020877849
41922.00,21.24,0.124159253,1906.130005,-0.01151708
41925.00,24.639999,0.148484902,1874.73999,-0.016605033
41926.00,22.790001,-0.078049211,1877.699951,0.00157762
41927.00,25.27,0.103296034,1862.48999,-0.008133301
41928.00,25.200001,-0.002773887,1862.76001,0.000144967
41929.00,21.99,-0.13625623,1886.76001,0.012801813
41932.00,18.57,-0.169040429,1904.01001,0.009101116
41933.00,16.08,-0.143971112,1941.280029,0.019385371
41934.00,17.870001,0.105547121,1927.109985,-0.007326101
41935.00,16.530001,-0.077946413,1950.819946,0.012228306
41936.00,16.110001,-0.025736713,1964.579956,0.00702869
41939.00,16.040001,-0.004354594,1961.630005,-0.001502697
41940.00,14.39,-0.108552144,1985.050049,0.011868365
41941.00,15.15,0.051467011,1982.300049,-0.001386316
41942.00,14.52,-0.042473523,1994.650024,0.006210797
41943.00,14.03,-0.034329115,2018.050049,0.011663115
41946.00,14.73,0.048688336,2017.810059,-0.000118929
41947.00,14.89,0.010803616,2012.099976,-0.002833853
41948.00,14.17,-0.049562793,2023.569946,0.005684311
41949.00,13.67,-0.035923403,2031.209961,0.003768404
41950.00,13.12,-0.041065867,2031.920044,0.000349525
41953.00,12.67,-0.034900789,2038.26001,0.003115327
41954.00,12.92,0.019539504,2039.680054,0.000696452
41955.00,13.02,0.007710138,2038.25,-0.000701363
41956.00,13.79,0.057457055,2039.329956,0.000529704
41957.00,13.31,-0.035428059,2039.819946,0.000240241
41960.00,13.99,0.049827156,2041.319946,0.000735089
41961.00,13.86,-0.009335795,2051.800049,0.00512085
41962.00,13.96,0.007189104,2048.719971,-0.001502287
41963.00,13.58,-0.027597975,2052.75,0.001965164
41964.00,12.9,-0.051370811,2063.5,0.005223213
41967.00,12.62,-0.021944454,2069.409912,0.00285993
41968.00,12.25,-0.02975692,2067.030029,-0.001150692
41969.00,12.07,-0.014802902,2072.830078,0.002802053
41971.00,13.33,0.099294099,2067.560059,-0.002545664
41974.00,14.16,0.060403954,2053.439941,-0.00685279
41975.00,12.85,-0.097077277,2066.550049,0.006364167
41976.00,12.5,-0.027615167,2074.330078,0.003757674
41977.00,12.38,-0.009646377,2071.919922,-0.001162572
41978.00,11.89,-0.040384557,2075.370117,0.001663831
41981.00,14.21,0.178248231,2060.310059,-0.007283022
41982.00,15.35,0.077169532,2059.820068,-0.000237852
41983.00,18.530001,0.18827562,2026.140015,-0.016486121
41984.00,20.08,0.080333201,2035.329956,0.004525434
41985.00,21.08,0.048600429,2002.329956,-0.016346466
41988.00,20.42,-0.031809911,1989.630005,-0.006362786
41989.00,23.57,0.143459904,1972.73999,-0.00852526
41990.00,19.440001,-0.192641866,2012.890015,0.020148074
41991.00,16.809999,-0.145358963,2061.22998,0.023731374
41992.00,16.49,-0.019219751,2070.649902,0.004559638
41995.00,15.25,-0.078174634,2078.540039,0.003803223
41996.00,14.8,-0.029952322,2082.169922,0.001744839
41997.00,14.37,-0.029484481,2081.879883,-0.000139306
41999.00,14.5,0.009005949,2088.77002,0.00330411
42002.00,15.06,0.037893573,2090.570068,0.000861403
42003.00,15.92,0.055533958,2080.350098,-0.004900593
42004.00,19.200001,0.187334151,2058.899902,-0.010364384
42006.00,17.790001,-0.076273773,2058.199951,-0.000340021
42009.00,19.92,0.113087694,2020.579956,-0.018447213
42010.00,21.120001,0.058496254,2002.609985,-0.008933255
42011.00,19.309999,-0.089597462,2025.900024,0.011562736
42012.00,17.01,-0.126821638,2062.139893,0.017730169
42013.00,17.549999,0.031252487,2044.810059,-0.008439322
42016.00,19.6,0.110475673,2028.26001,-0.008126617
42017.00,20.559999,0.047817826,2023.030029,-0.002581886
42018.00,21.48,0.043774878,2011.27002,-0.005830029
42019.00,22.389999,0.041492116,1992.670044,-0.009290903
42020.00,20.950001,-0.066475692,2019.420044,0.013334893
42024.00,19.889999,-0.051921652,2022.550049,0.001548752
42025.00,18.85,-0.053704129,2032.119995,0.004720465
42026.00,16.4,-0.139231579,2063.149902,0.015154313
42027.00,16.66,0.015729302,2051.820068,-0.005506656
42030.00,15.52,-0.070881122,2057.090088,0.002565168
42031.00,17.219999,0.103941926,2029.550049,-0.013478288
42032.00,20.440001,0.171422373,2002.160034,-0.013587503
42033.00,18.76,-0.085766871,2021.25,0.009489517
42034.00,20.969999,0.111365854,1994.98999,-0.013077099
42037.00,19.43,-0.076274534,2020.849976,0.01287917
42038.00,17.33,-0.11437916,2050.030029,0.014336238
42039.00,18.33,0.056099958,2041.51001,-0.004164706
42040.00,16.85,-0.084188405,2062.52002,0.010238811
42041.00,17.290001,0.025777701,2055.469971,-0.003424028
42044.00,18.549999,0.070341378,2046.73999,-0.00425624
42045.00,17.23,-0.073817685,2068.590088,0.01061898
42046.00,16.959999,-0.015794479,2068.530029,-2.90342E-05
42047.00,15.34,-0.100393775,2088.47998,0.009598295
42048.00,14.69,-0.043296806,2096.98999,0.004066459
42052.00,15.8,0.07284295,2100.340088,0.0015963
42053.00,15.45,-0.022400937,2099.679932,-0.000314359
42054.00,15.29,-0.010409983,2097.449951,-0.001062622
42055.00,14.3,-0.066939483,2110.300049,0.006107843
42058.00,14.56,0.018018506,2109.659912,-0.000303385
42059.00,13.69,-0.061612403,2115.47998,0.002754972
42060.00,13.84,0.010897311,2113.860107,-0.000766017
42061.00,13.91,0.005045056,2110.73999,-0.001477119
42062.00,13.34,-0.041840965,2104.5,-0.002960683
42065.00,13.04,-0.022745484,2117.389893,0.006106238
42066.00,13.86,0.060985437,2107.780029,-0.004548873
42067.00,14.23,0.026345418,2098.530029,-0.004398161
42068.00,14.04,-0.013442014,2101.040039,0.001195365
42069.00,15.2,0.079385029,2071.26001,-0.014275356
42072.00,15.06,-0.009253205,2079.429932,0.003936662
42073.00,16.690001,0.102767575,2044.160034,-0.017106821
42074.00,16.870001,0.010727158,2040.23999,-0.001919521
42075.00,15.42,-0.089871588,2065.949951,0.012522702
42076.00,16,0.036923354,2053.399902,-0.006093237
42079.00,15.61,-0.024676988,2081.189941,0.013442909
42080.00,15.66,0.003197956,2074.280029,-0.003325698
42081.00,13.97,-0.114197517,2099.5,0.012085102
42082.00,14.07,0.007132698,2089.27002,-0.004884489
42083.00,13.02,-0.077558234,2108.100098,0.008972382
42086.00,13.41,0.029514061,2104.419922,-0.001747257
42087.00,13.62,0.015538603,2091.5,-0.006158346
42088.00,15.44,0.125422244,2061.050049,-0.014665926
42089.00,15.8,0.023048395,2056.149902,-0.002380331
42090.00,15.07,-0.047303927,2061.02002,0.002365761
42093.00,14.51,-0.037867946,2086.23999,0.012162382
42094.00,15.29,0.052360953,2067.889893,-0.008834686
42095.00,15.11,-0.011842244,2059.689941,-0.003973255
42096.00,14.67,-0.029552184,2066.959961,0.003523453
42100.00,14.74,0.004760295,2080.620117,0.006587073
42101.00,14.78,0.002710029,2076.330078,-0.002064033
42102.00,13.98,-0.055647179,2081.899902,0.002678941
42103.00,13.09,-0.065779157,2091.179932,0.004447576
42104.00,12.58,-0.039740329,2102.060059,0.005189377
42107.00,13.94,0.102654154,2092.429932,-0.004591807
42108.00,13.67,-0.019558755,2095.840088,0.001628432
42109.00,12.84,-0.062638352,2106.629883,0.005134989
42110.00,12.6,-0.018868484,2104.98999,-0.000778747
42111.00,13.89,0.097472343,2081.179932,-0.011375704
42114.00,13.3,-0.043405122,2100.399902,0.009192748
42115.00,13.25,-0.003766483,2097.290039,-0.001481702
42116.00,12.71,-0.041608467,2107.959961,0.005074583
42117.00,12.48,-0.018261722,2112.929932,0.002354941
42118.00,12.29,-0.015341439,2117.689941,0.002250266
42121.00,13.12,0.06535186,2108.919922,-0.004149913
42122.00,12.41,-0.055635184,2114.76001,0.002765404
42123.00,13.39,0.07600556,2106.850098,-0.003747348
42124.00,14.55,0.083082834,2085.51001,-0.010180553
42125.00,12.7,-0.135989,2108.290039,0.010863776
42128.00,12.85,0.011741818,2114.48999,0.002936433
42129.00,14.31,0.107614782,2089.459961,-0.011908003
42130.00,15.15,0.057041938,2080.149902,-0.004465681
42131.00,15.13,-0.001321004,2088,0.003766711
42132.00,12.86,-0.162557809,2116.100098,0.013368148
42135.00,13.85,0.074163514,2105.330078,-0.005102557
42136.00,13.86,0.000721761,2099.120117,-0.002953996
42137.00,13.76,-0.007241161,2098.47998,-0.000305001
42138.00,12.74,-0.077019182,2121.100098,0.010721605
42139.00,12.38,-0.028664383,2122.72998,0.000768118
42142.00,12.73,0.027879145,2129.199951,0.003043313
42143.00,12.85,0.009382399,2127.830078,-0.000643582
42144.00,12.88,0.002331909,2125.850098,-0.000930949
42145.00,12.11,-0.061644163,2130.820068,0.002335146
42146.00,12.13,0.001650165,2126.060059,-0.002236385
42150.00,14.06,0.147652163,2104.199951,-0.010335205
42151.00,13.27,-0.057828038,2123.47998,0.009120919
42152.00,13.31,0.003009784,2120.790039,-0.001267564
42153.00,13.84,0.039047318,2107.389893,-0.006338515
42156.00,13.97,0.009349223,2111.72998,0.002057343
42157.00,14.24,0.019142733,2109.600098,-0.001009105
42158.00,13.66,-0.041583052,2114.070068,0.002116629
42159.00,14.71,0.07405568,2095.840088,-0.008660562
42160.00,14.21,-0.034581593,2092.830078,-0.001437215
42163.00,15.29,0.073253078,2079.280029,-0.00649556
42164.00,14.47,-0.055121479,2080.149902,0.000418265
42165.00,13.22,-0.090346706,2105.199951,0.011970492
42166.00,12.85,-0.028387023,2108.860107,0.001737117
42167.00,13.78,0.069874454,2094.110107,-0.007018875
42170.00,15.39,0.110499682,2084.429932,-0.004633289
42171.00,14.81,-0.03841532,2096.290039,0.00567373
42172.00,14.5,-0.021153979,2100.439941,0.001977684
42173.00,13.19,-0.094689683,2121.23999,0.009854
42174.00,13.96,0.056737131,2109.98999,-0.005317615
42177.00,12.74,-0.091449447,2122.850098,0.006076368
42178.00,12.11,-0.050715093,2124.199951,0.000635666
42179.00,13.26,0.090720427,2108.580078,-0.007380466
42180.00,14.01,0.055019376,2102.310059,-0.002978004
42181.00,14.02,0.000713521,2101.48999,-0.000390156
42184.00,18.85,0.296028032,2057.639893,-0.021086969
42185.00,18.23,-0.033444325,2063.110107,0.002654962
42186.00,16.09,-0.124870628,2077.419922,0.006912097
42187.00,16.790001,0.04258557,2076.780029,-0.00030807
42191.00,17.01,0.013017876,2068.76001,-0.003869232
42192.00,16.09,-0.055603445,2081.340088,0.006062561
42193.00,19.66,0.200388154,2046.680054,-0.016792965
42194.00,19.969999,0.015644983,2051.310059,0.002259648
42195.00,16.83,-0.171068089,2076.620117,0.012262986
42198.00,13.9,-0.191274168,2099.600098,0.011005269
42199.00,13.37,-0.038875449,2108.949951,0.004443273
42200.00,13.23,-0.010526413,2107.399902,-0.000735256
42201.00,12.11,-0.088455421,2124.290039,0.007982734
42202.00,11.95,-0.013300279,2126.639893,0.001105572
42205.00,12.25,0.024794659,2128.280029,0.000770936
42206.00,12.22,-0.002451983,2119.209961,-0.004270796
42207.00,12.12,-0.008216973,2114.149902,-0.002390565
42208.00,12.64,0.042009408,2102.149902,-0.00569221
42209.00,13.74,0.083444898,2079.649902,-0.010761021
42212.00,15.6,0.126959627,2067.639893,-0.005791755
42213.00,13.44,-0.149035579,2093.25,0.012310074
42214.00,12.5,-0.072506691,2108.570068,0.007292143
42215.00,12.13,-0.030046921,2108.629883,2.83672E-05
42216.00,12.12,-0.000824742,2103.840088,-0.002274104
42219.00,12.56,0.03566018,2098.040039,-0.002760694
42220.00,13,0.034432196,2093.320068,-0.002252239
42221.00,12.51,-0.038421033,2099.840088,0.003109838
42222.00,13.77,0.095963988,2083.560059,-0.007783196
42223.00,13.39,-0.027984153,2077.570068,-0.002879023
42226.00,12.23,-0.09061621,2104.179932,0.012726836
42227.00,13.71,0.114233544,2084.070068,-0.009603065
42228.00,13.61,-0.007320677,2086.050049,0.000949604
42229.00,13.49,-0.008856146,2083.389893,-0.001276026
42230.00,12.83,-0.050162492,2091.540039,0.003904332
42233.00,13.02,0.014700458,2102.439941,0.005197892
42234.00,13.79,0.057457055,2096.919922,-0.002628983
42235.00,15.25,0.100635811,2079.610107,-0.008289137
42236.00,19.139999,0.227200831,2035.72998,-0.02132596
42237.00,28.030001,0.381495067,1970.890015,-0.032369242
42240.00,40.740002,0.373935059,1893.209961,-0.040211444
42241.00,36.02,-0.12313612,1867.609985,-0.01361425
42242.00,30.32,-0.172266779,1940.51001,0.0382913
42243.00,26.1,-0.149872246,1987.660034,0.024007254
42244.00,26.049999,-0.001917585,1988.869995,0.000608551
42247.00,28.43,0.087427196,1972.180054,-0.008427078
42248.00,31.4,0.099362967,1913.849976,-0.03002265
42249.00,26.09,-0.185255794,1948.859985,0.018127671
42250.00,25.610001,-0.01856916,1951.130005,0.001164116
42251.00,27.799999,0.082053045,1921.219971,-0.015448309
42255.00,24.9,-0.110168181,1969.410034,0.024773637
42256.00,26.23,0.05203599,1942.040039,-0.013995036
42257.00,24.370001,-0.073550885,1952.290039,0.005264075
42258.00,23.200001,-0.049200587,1961.050049,0.004477007
42261.00,24.25,0.044264296,1953.030029,-0.004098041
42262.00,22.540001,-0.073125064,1978.089966,0.012749688
42263.00,21.35,-0.054239813,1995.310059,0.008667741
42264.00,21.139999,-0.009884807,1990.199951,-0.002564345
42265.00,22.280001,0.052522527,1958.030029,-0.016296231
42268.00,20.139999,-0.100981622,1966.969971,0.004555392
42269.00,22.440001,0.108137288,1942.73999,-0.01239493
42270.00,22.129999,-0.013911016,1938.76001,-0.002050744
42271.00,23.469999,0.058788858,1932.23999,-0.003368652
42272.00,23.620001,0.006370886,1931.339966,-0.000465902
42275.00,27.629999,0.15680825,1881.77002,-0.026001211
42276.00,26.83,-0.029381438,1884.089966,0.001232094
42277.00,24.5,-0.090847547,1920.030029,0.018895898
42278.00,22.549999,-0.082938096,1923.819946,0.001971939
42279.00,20.940001,-0.074073768,1951.359985,0.014213793
42282.00,19.540001,-0.069197555,1987.050049,0.018124594
42283.00,19.4,-0.007190632,1979.920044,-0.003594689
42284.00,18.4,-0.052922401,1995.829956,0.00800352
42285.00,17.42,-0.054731693,2013.430054,0.00877978
42286.00,17.08,-0.019710783,2014.890015,0.000724849
42289.00,16.17,-0.054750515,2017.459961,0.001274664
42290.00,17.67,0.088710613,2003.689941,-0.006848824
42291.00,18.030001,0.020168806,1994.23999,-0.004727431
42292.00,16.049999,-0.116328305,2023.859985,0.014743551
42293.00,15.05,-0.064330796,2033.109985,0.004560061
42296.00,14.98,-0.004662013,2033.660034,0.000270509
42297.00,15.75,0.050124387,2030.77002,-0.001422101
42298.00,16.700001,0.058568414,2018.939941,-0.005842449
42299.00,14.45,-0.144714365,2052.51001,0.016490847
42300.00,14.46,0.000691802,2075.149902,0.010969954
42303.00,15.29,0.055812803,2071.179932,-0.001914933
42304.00,15.43,0.009114646,2065.889893,-0.002557386
42305.00,14.33,-0.073958425,2090.350098,0.011770488
42306.00,14.61,0.019350984,2089.409912,-0.000449876
42307.00,15.07,0.030999787,2079.360107,-0.004821482
42310.00,14.15,-0.062991389,2104.050049,0.011803877
42311.00,14.54,0.027188848,2109.790039,0.002724353
42312.00,15.51,0.064581505,2102.310059,-0.003551667
42313.00,15.05,-0.030106986,2099.929932,-0.00113279
42314.00,14.33,-0.049022749,2099.199951,-0.000347682
42317.00,16.52,0.142216526,2078.580078,-0.009871291
42318.00,15.29,-0.077372748,2081.719971,0.001509455
42319.00,16.059999,0.049132626,2075,-0.003233307
42320.00,18.370001,0.134387307,2045.969971,-0.014089163
42321.00,20.08,0.089005341,2023.040039,-0.011270641
42324.00,18.16,-0.100502922,2053.189941,0.014793303
42325.00,18.84,0.036760896,2050.439941,-0.001340277
42326.00,16.85,-0.111631612,2083.580078,0.01603323
42327.00,16.99,0.008274279,2081.23999,-0.00112374
42328.00,15.47,-0.093722271,2089.169922,0.003802955
42331.00,15.62,0.00964948,2086.590088,-0.001235624
42332.00,15.93,0.01965198,2089.139893,0.00122125
42333.00,15.19,-0.047566807,2088.870117,-0.000129141
42335.00,15.12,-0.004618946,2090.110107,0.000593441
42338.00,16.129999,0.064662459,2080.409912,-0.0046518
42339.00,14.67,-0.094876238,2102.629883,0.010623939
42340.00,15.91,0.08114325,2079.51001,-0.011056593
42341.00,18.110001,0.129516485,2049.620117,-0.014477827
42342.00,14.81,-0.201161699,2091.689941,0.020317856
42345.00,15.84,0.067235758,2077.070068,-0.007014044
42346.00,17.6,0.105360516,2063.590088,-0.006511052
42347.00,19.610001,0.108140789,2047.619995,-0.007769086
42348.00,19.34,-0.013864201,2052.22998,0.002248856
42349.00,24.389999,0.231997681,2012.369995,-0.019613868
42352.00,22.73,-0.070487533,2021.939941,0.004744288
42353.00,20.950001,-0.081546944,2043.410034,0.01056258
42354.00,17.860001,-0.159575063,2073.070068,0.014410636
42355.00,18.940001,0.058712509,2041.890015,-0.015154776
42356.00,20.700001,0.088857608,2005.550049,-0.017957495
42359.00,18.700001,-0.101610171,2021.150024,0.007748306
42360.00,16.6,-0.119120882,2038.969971,0.008778096
42361.00,15.57,-0.06405671,2064.290039,0.012341596
42362.00,15.74,0.010859257,2060.98999,-0.001599915
42366.00,16.91,0.07169992,2056.5,-0.002180936
42367.00,16.08,-0.050328899,2078.360107,0.010573664
42368.00,17.290001,0.072552094,2063.360107,-0.007243399
42369.00,18.209999,0.051842481,2043.939941,-0.009456485
42373.00,20.700001,0.12816291,2012.660034,-0.015422042
42374.00,19.34,-0.067958259,2016.709961,0.002010204
42375.00,20.59,0.062630031,1990.26001,-0.013202163
42376.00,24.99,0.193670224,1943.089966,-0.023985817
42377.00,27.01,0.077731423,1922.030029,-0.010897538
42380.00,24.299999,-0.105730859,1923.670044,0.000852908
42381.00,22.469999,-0.078295268,1938.680054,0.007772514
42382.00,25.219999,0.115456249,1890.280029,-0.025282375
42383.00,23.950001,-0.051668925,1921.839966,0.016558061
42384.00,27.02,0.120608967,1880.329956,-0.021835773
42388.00,26.049999,-0.036559603,1881.329956,0.00053168
42389.00,27.59,0.057435658,1859.329956,-0.011762766
42390.00,26.690001,-0.033164387,1868.98999,0.005181989
42391.00,22.34,-0.177910207,1906.900024,0.020080727
42394.00,24.15,0.077905586,1877.079956,-0.015761545
42395.00,22.5,-0.070769071,1903.630005,0.014045238
42396.00,23.110001,0.026750158,1882.949951,-0.010922922
42397.00,22.42,-0.03031205,1893.359985,0.005513351
42398.00,20.200001,-0.104270764,1940.23999,0.024458651
42401.00,19.98,-0.010950881,1939.380005,-0.000443335
42402.00,21.98,0.095401176,1903.030029,-0.018920969
42403.00,21.65,-0.015127495,1912.530029,0.00497962
42404.00,21.84,0.008737696,1915.449951,0.001525568
42405.00,23.379999,0.068137762,1880.050049,-0.018654158
42408.00,26,0.106215625,1853.439941,-0.014255058
42409.00,26.540001,0.020556529,1852.209961,-0.00066384
42410.00,26.290001,-0.00946439,1851.859985,-0.000188968
42411.00,28.139999,0.068003339,1829.079956,-0.012377447
42412.00,25.4,-0.102442842,1864.780029,0.019330015
42416.00,24.110001,-0.05212244,1895.579956,0.016381738
42417.00,22.309999,-0.07759177,1926.819946,0.016346111
42418.00,21.639999,-0.030491556,1917.829956,-0.004676632
42419.00,20.530001,-0.052656128,1917.780029,-2.60334E-05
42422.00,19.379999,-0.057645725,1945.5,0.014350731
42423.00,20.98,0.079328048,1921.27002,-0.012532577
42424.00,20.719999,-0.012470234,1929.800049,0.00442996
42425.00,19.110001,-0.080887559,1951.699951,0.011284367
42426.00,19.809999,0.035975,1948.050049,-0.001871865
42429.00,20.549999,0.036674082,1932.22998,-0.008154131
42430.00,17.700001,-0.149296196,1978.349976,0.023588386
42431.00,17.09,-0.035071199,1986.449951,0.00408595
42432.00,16.700001,-0.023084718,1993.400024,0.003492634
42433.00,16.860001,0.009535233,1999.98999,0.00330044
42436.00,17.35,0.028648495,2001.76001,0.000884623
42437.00,18.67,0.073325451,1979.26001,-0.011303756
42438.00,18.34,-0.017833491,1989.26001,0.005039673
42439.00,18.049999,-0.015938837,1989.569946,0.000155793
42440.00,16.5,-0.089785248,2022.189941,0.016262546
42443.00,16.92,0.025135973,2019.640015,-0.001261768
42444.00,16.84,-0.004739345,2015.930054,-0.001838631
42445.00,14.99,-0.116373697,2027.219971,0.005584728
42446.00,14.44,-0.037381179,2040.589966,0.006573583
42447.00,14.02,-0.029517252,2049.580078,0.004395967
42450.00,13.79,-0.01654119,2051.600098,0.000985092
42451.00,14.17,0.027183362,2049.800049,-0.000877773
42452.00,14.94,0.052915126,2036.709961,-0.00640651
42453.00,14.74,-0.013477293,2035.939941,-0.000378142
42457.00,15.24,0.033358663,2037.050049,0.000545107
42458.00,13.82,-0.097806732,2055.01001,0.008778012
42459.00,13.56,-0.018992536,2063.949951,0.00434088
42460.00,13.95,0.028355226,2059.73999,-0.002041842
42461.00,13.1,-0.062867278,2072.780029,0.006310959
42464.00,14.12,0.074980002,2066.129883,-0.00321348
42465.00,15.42,0.088073136,2045.170044,-0.010196298
42466.00,14.09,-0.090200042,2066.659912,0.010452798
42467.00,16.16,0.137073727,2041.910034,-0.012048074
42468.00,15.36,-0.050772325,2047.599976,0.002782703
42471.00,16.26,0.056941376,2041.98999,-0.002743546
42472.00,14.85,-0.090708239,2061.719971,0.009615754
42473.00,13.84,-0.070436915,2082.419922,0.00999007
42474.00,13.72,-0.008708328,2082.780029,0.000172912
42475.00,13.62,-0.007315322,2080.72998,-0.00098477
42478.00,13.35,-0.020022916,2094.340088,0.006519726
42479.00,13.24,-0.008273834,2100.800049,0.003079738
42480.00,13.28,0.003016594,2102.399902,0.000761255
42481.00,13.95,0.049220364,2091.47998,-0.005207563
42482.00,13.22,-0.053748674,2091.580078,4.78587E-05
42485.00,14.08,0.063024516,2087.790039,-0.00181369
42486.00,13.96,-0.008559253,2091.699951,0.001871
42487.00,13.77,-0.013703785,2095.149902,0.001647994
42488.00,15.22,0.10011804,2075.810059,-0.009273636
42489.00,15.7,0.03105036,2065.300049,-0.005075949
42492.00,14.68,-0.067174689,2081.429932,0.007779607
42493.00,15.6,0.060784891,2063.370117,-0.0087145
42494.00,16.049999,0.028437873,2051.120117,-0.005954583
42495.00,15.91,-0.008760945,2050.629883,-0.000239037
42496.00,14.72,-0.077740729,2057.139893,0.003169611
42499.00,14.57,-0.010242493,2058.689941,0.000753213
42500.00,13.63,-0.066691374,2084.389893,0.012406366
42501.00,14.69,0.074893744,2064.459961,-0.009607523
42502.00,14.41,-0.01924458,2064.110107,-0.00016948
42503.00,15.04,0.042790909,2046.609985,-0.008514434
42506.00,14.68,-0.024227295,2066.659912,0.009748977
42507.00,15.57,0.058859963,2047.209961,-0.009455863
42508.00,15.95,0.024112843,2047.630005,0.000205158
42509.00,16.33,0.023545078,2040.040039,-0.003713595
42510.00,15.2,-0.071708479,2052.320068,0.006001459
42513.00,15.82,0.039979534,2048.040039,-0.002087636
42514.00,14.42,-0.09265883,2076.060059,0.013588638
42515.00,13.9,-0.036727292,2090.540039,0.006950529
42516.00,13.43,-0.03439783,2090.100098,-0.000210466
42517.00,13.12,-0.023353227,2099.060059,0.004277695
42521.00,14.19,0.078399708,2096.949951,-0.001005769
42522.00,14.2,0.000704473,2099.330078,0.001134399
42523.00,13.63,-0.040968719,2105.26001,0.002820696
42524.00,13.47,-0.011808255,2099.129883,-0.002916062
42527.00,13.65,0.013274531,2109.409912,0.004885328
42528.00,14.05,0.028882874,2112.129883,0.001288616
42529.00,14.08,0.002132955,2119.120117,0.003304102
42530.00,14.64,0.039002158,2115.47998,-0.001719236
42531.00,17.030001,0.151219045,2096.070068,-0.009217532
42534.00,20.969999,0.208116244,2079.060059,-0.008148298
42535.00,20.5,-0.022667911,2075.320068,-0.001800505
42536.00,20.139999,-0.017717049,2071.5,-0.001842409
42537.00,19.370001,-0.038982309,2077.98999,0.003128093
42538.00,19.41,0.002062868,2071.219971,-0.003263284
42541.00,18.370001,-0.055069444,2083.25,0.005791383
42542.00,18.48,0.005970113,2088.899902,0.00270839
42543.00,21.17,0.135896019,2085.449951,-0.001652929
42544.00,17.25,-0.204772942,2113.320068,0.013275567
42545.00,25.76,0.401010758,2037.410034,-0.036580793
42548.00,23.85,-0.077038684,2000.540039,-0.018262246
42549.00,18.75,-0.240590465,2036.089966,0.017614122
42550.00,16.639999,-0.119384377,2070.77002,0.016889243
42551.00,15.63,-0.062617231,2098.860107,0.013473863
42552.00,14.77,-0.056594048,2102.949951,0.001946706
42556.00,15.58,0.053389944,2088.550049,-0.006871029
42557.00,14.96,-0.040608068,2099.72998,0.005338687
42558.00,14.76,-0.013459153,2097.899902,-0.000871958
42559.00,13.2,-0.11170399,2129.899902,0.015138187
42562.00,13.54,0.025431438,2137.159912,0.003402819
42563.00,13.55,0.00073828,2152.139893,0.006984843
42564.00,13.04,-0.038364991,2152.429932,0.000134759
42565.00,12.82,-0.017015105,2163.75,0.005245423
42566.00,12.67,-0.011769457,2161.73999,-0.000929379
42569.00,12.44,-0.018319907,2166.889893,0.002379462
42570.00,11.97,-0.038513568,2163.780029,-0.001436205
42571.00,11.77,-0.016849598,2173.02002,0.004261209
42572.00,12.74,0.079192729,2165.169922,-0.00361907
42573.00,12.02,-0.058174721,2175.030029,0.004543627
42576.00,12.87,0.068327093,2168.47998,-0.003016019
42577.00,13.05,0.013889112,2169.179932,0.000322733
42578.00,12.83,-0.017001955,2166.580078,-0.001199261
42579.00,12.72,-0.008610621,2170.060059,0.001604921
42580.00,11.87,-0.069161349,2173.600098,0.00162998
42583.00,12.44,0.046902879,2170.840088,-0.001270594
42584.00,13.37,0.072096304,2157.030029,-0.006381941
42585.00,12.86,-0.038891672,2163.790039,0.003129043
42586.00,12.42,-0.034813642,2164.25,0.000212549
42587.00,11.39,-0.086572299,2182.870117,0.008566697
42590.00,11.5,0.009611258,2180.889893,-0.000907577
42591.00,11.66,0.013817146,2181.73999,0.000389718
42592.00,12.05,0.032900479,2175.48999,-0.002868797
42593.00,11.68,-0.031186683,2185.790039,0.004723415
42594.00,11.55,-0.01119254,2184.050049,-0.000796363
42597.00,11.81,0.022261193,2190.149902,0.002789016
42598.00,12.64,0.067919759,2178.149902,-0.005494142
42599.00,12.19,-0.036250445,2182.219971,0.001866846
42600.00,11.43,-0.064374466,2187.02002,0.002197202
42601.00,11.34,-0.00790518,2183.870117,-0.00144131
42604.00,12.27,0.07882096,2182.639893,-0.000563482
42605.00,12.38,0.008925009,2186.899902,0.001949867
42606.00,13.45,0.082896839,2175.439941,-0.005254055
42607.00,13.63,0.01329414,2172.469971,-0.00136616
42608.00,13.65,0.001466276,2169.040039,-0.001580064
42611.00,12.94,-0.053416233,2180.379883,0.005214429
42612.00,13.12,0.013814494,2176.120117,-0.001955592
42613.00,13.42,0.022608348,2170.949951,-0.002378691
42614.00,13.48,0.004460974,2170.860107,-4.13855E-05
42615.00,11.98,-0.117968513,2179.97998,0.004192242
42619.00,12.02,0.003333336,2186.47998,0.002977242
42620.00,11.94,-0.006677821,2186.159912,-0.000146396
42621.00,12.51,0.046634217,2181.300049,-0.002225488
42622.00,17.5,0.335672556,2127.810059,-0.024827742
42625.00,15.16,-0.143540501,2159.040039,0.014570387
42626.00,17.85,0.163343128,2127.02002,-0.014941748
42627.00,18.139999,0.016115881,2125.77002,-0.000587849
42628.00,16.299999,-0.106954343,2147.26001,0.010058516
42629.00,15.37,-0.058747489,2139.159912,-0.003779428
42632.00,15.53,0.01035608,2139.120117,-1.86033E-05
42633.00,15.92,0.024802543,2139.76001,0.000299094
42634.00,13.3,-0.179812145,2163.120117,0.010858
42635.00,12.02,-0.101192106,2177.179932,0.006478752
42636.00,12.29,0.022213994,2164.689941,-0.005753293
42639.00,14.5,0.165362726,2146.100098,-0.00862485
42640.00,13.1,-0.101536419,2159.929932,0.006423495
42641.00,12.39,-0.055722535,2171.370117,0.005282576
42642.00,14.02,0.123595186,2151.129883,-0.009365128
42643.00,13.29,-0.053473009,2168.27002,0.007936393
42646.00,13.57,0.020849601,2161.199951,-0.003266023
42647.00,13.63,0.004411772,2150.48999,-0.004967882
42648.00,12.99,-0.048093415,2159.72998,0.004287486
42649.00,12.84,-0.011614532,2160.77002,0.000481444
42650.00,13.48,0.048641807,2153.73999,-0.003258788
42653.00,13.38,-0.007446051,2163.659912,0.00459533
42654.00,15.36,0.138005673,2136.72998,-0.012524578
42655.00,15.91,0.035181115,2139.179932,0.001145933
42656.00,16.690001,0.047861955,2132.550049,-0.003104076
42657.00,16.120001,-0.034748998,2132.97998,0.000201584
42660.00,16.209999,0.005567475,2126.5,-0.003042618
42661.00,15.28,-0.05908349,2139.600098,0.006141506
42662.00,14.41,-0.058622374,2144.290039,0.002189572
42663.00,13.75,-0.046883586,2141.340088,-0.001376671
42664.00,13.34,-0.030271784,2141.159912,-8.41452E-05
42667.00,13.02,-0.024280404,2151.330078,0.004738595
42668.00,13.46,0.033235687,2143.159912,-0.003804957
42669.00,14.24,0.056332582,2139.429932,-0.001741928
42670.00,15.36,0.075711822,2133.040039,-0.002991196
42671.00,16.190001,0.052627102,2126.409912,-0.00311314
42674.00,17.059999,0.052342654,2126.149902,-0.000122284
42675.00,18.559999,0.08427219,2111.719971,-0.006810019
42676.00,19.32,0.040132155,2097.939941,-0.006546885
42677.00,22.08,0.133531393,2088.659912,-0.004433213
42678.00,22.51,0.019287434,2085.179932,-0.00166752
42681.00,18.709999,-0.184901568,2131.52002,0.0219802
42682.00,18.74,0.00160219,2139.560059,0.003764878
42683.00,14.38,-0.264821925,2163.26001,0.01101612
42684.00,14.74,0.024726534,2167.47998,0.001948845
42685.00,14.17,-0.039437833,2164.449951,-0.001398928
42688.00,14.48,0.021641333,2164.199951,-0.000115509
42689.00,13.37,-0.079754996,2180.389893,0.007452955
42690.00,13.72,0.025841231,2176.939941,-0.001583517
42691.00,13.35,-0.027338237,2187.120117,0.004665469
42692.00,12.85,-0.038172574,2181.899902,-0.002389651
42695.00,12.42,-0.034035735,2198.179932,0.007433702
42696.00,12.41,-0.000805477,2202.939941,0.002163091
42697.00,12.43,0.001610306,2204.719971,0.000807698
42699.00,12.34,-0.007266887,2213.350098,0.003906746
42702.00,13.15,0.06357574,2201.719971,-0.005268389
42703.00,12.9,-0.019194447,2204.659912,0.001334402
42704.00,13.33,0.032789823,2198.810059,-0.00265693
42705.00,14.07,0.054027737,2191.080078,-0.003521723
42706.00,14.12,0.003547361,2191.949951,0.000396928
42709.00,12.14,-0.151086446,2204.709961,0.005804427
42710.00,11.79,-0.029254071,2212.22998,0.003405084
42711.00,12.22,0.035822239,2241.350098,0.013077359
42712.00,12.64,0.033792435,2246.189941,0.002157015
42713.00,11.75,-0.073013148,2259.530029,0.005921419
42716.00,12.64,0.073013148,2256.959961,-0.001138082
42717.00,12.72,0.006309169,2271.719971,0.006518483
42718.00,13.19,0.036283409,2253.280029,-0.008150296
42719.00,12.79,-0.030795351,2262.030029,0.003875708
42720.00,12.2,-0.047227664,2258.070068,-0.001752157
42723.00,11.71,-0.040992774,2262.530029,0.001973173
42724.00,11.45,-0.022453448,2270.76001,0.003630913
42725.00,11.27,-0.015845402,2265.179932,-0.002460386
42726.00,11.43,0.01409715,2260.959961,-0.001864711
42727.00,11.44,0.000874508,2263.790039,0.001250932
42731.00,11.99,0.046956983,2268.879883,0.002245849
42732.00,12.95,0.077022819,2249.919922,-0.008391641
42733.00,13.37,0.031917603,2249.26001,-0.000293348
42734.00,14.04,0.048897007,2238.830078,-0.004647835
42738.00,12.85,-0.088566587,2257.830078,0.008450767
42739.00,11.85,-0.081015944,2270.75,0.005705964
42740.00,11.67,-0.015306421,2269,-0.000770968
42741.00,11.32,-0.030450374,2276.97998,0.003510789
42744.00,11.56,0.02097979,2268.899902,-0.003554905
42745.00,11.49,-0.006073771,2268.899902,0
42746.00,11.26,-0.020220469,2275.320068,0.002825642
42747.00,11.54,0.024562638,2270.439941,-0.002147112
42748.00,11.23,-0.027230492,2274.639893,0.001848132
42752.00,11.87,0.05542544,2267.889893,-0.002971914
42753.00,12.48,0.050113154,2271.889893,0.0017622
42754.00,12.78,0.023754086,2263.689941,-0.003615838
42755.00,11.54,-0.102062188,2271.310059,0.003360584
42758.00,11.77,0.01973466,2265.199951,-0.00269375
42759.00,11.07,-0.061315175,2280.070068,0.00654314
42760.00,10.81,-0.023767115,2298.370117,0.007994053
42761.00,10.63,-0.016791439,2296.679932,-0.000735655
42762.00,10.58,-0.004714766,2294.689941,-0.00086684
42765.00,11.88,0.115890888,2280.899902,-0.006027673
42766.00,11.99,0.009216655,2278.870117,-0.000890302
42767.00,11.81,-0.015126339,2279.550049,0.000298319
42768.00,11.93,0.010109606,2280.850098,0.000570147
42769.00,10.97,-0.083891962,2297.419922,0.007238497
42772.00,11.37,0.035814033,2292.560059,-0.002117597
42773.00,11.29,-0.00706093,2293.080078,0.000226803
42774.00,11.45,0.014072352,2294.669922,0.000693082
42775.00,10.88,-0.051063489,2307.870117,0.005736064
42776.00,10.85,-0.002761161,2316.100098,0.003559707
42779.00,11.07,0.020073667,2328.25,0.005232133
42780.00,10.74,-0.030263658,2337.580078,0.003999327
42781.00,11.97,0.10842843,2349.25,0.004979889
42782.00,11.76,-0.017699577,2347.219971,-0.000864491
42783.00,11.49,-0.023226851,2351.159912,0.001677149
42787.00,11.57,0.006938449,2365.379883,0.00602985
42788.00,11.74,0.014586273,2362.820068,-0.001082786
42789.00,11.71,-0.002558637,2363.810059,0.000418899
42790.00,11.47,-0.020708246,2367.340088,0.00149225
42793.00,12.09,0.052643733,2369.75,0.001017465
42794.00,12.92,0.066397834,2363.639893,-0.002581706
42795.00,12.54,-0.029852963,2395.959961,0.013581211
42796.00,11.81,-0.059976905,2381.919922,-0.005877117
42797.00,10.96,-0.074694349,2383.120117,0.00050375
42800.00,11.24,0.025226563,2375.310059,-0.003282623
42801.00,11.45,0.018510886,2368.389893,-0.002917626
42802.00,11.86,0.035181664,2362.97998,-0.002286828
42803.00,12.3,0.036427869,2364.870117,0.000799576
42804.00,11.66,-0.053435081,2372.600098,0.00326334
42807.00,11.35,-0.026946437,2373.469971,0.000366566
42808.00,12.3,0.080381518,2365.449951,-0.003384749
42809.00,11.63,-0.056011296,2385.26001,0.008339879
42810.00,11.21,-0.036781729,2381.379883,-0.001628035
42811.00,11.28,0.006225009,2378.25,-0.001315179
42814.00,11.34,0.005305052,2373.469971,-0.002011916
42815.00,12.47,0.094989461,2344.02002,-0.012485595
42816.00,12.81,0.026900356,2348.449951,0.001888103
42817.00,13.12,0.023911668,2345.959961,-0.001060832
42818.00,12.96,-0.012270093,2343.97998,-0.000844352
42821.00,12.5,-0.036139047,2341.590088,-0.001020107
42822.00,11.53,-0.08077631,2358.570068,0.007225309
42823.00,11.42,-0.00958613,2361.129883,0.001084736
42824.00,11.54,0.010453057,2368.060059,0.002930811
42825.00,12.37,0.069454925,2362.719971,-0.002257594
42828.00,12.38,0.000808081,2358.840088,-0.001643475
42829.00,11.79,-0.048830553,2360.159912,0.000559366
42830.00,12.89,0.089200102,2352.949951,-0.003059537
42831.00,12.39,-0.039562121,2357.48999,0.00192765
42832.00,12.87,0.038009326,2355.540039,-0.000827472
42835.00,14.05,0.087723374,2357.159912,0.00068745
42836.00,15.07,0.070083617,2353.780029,-0.001434908
42837.00,15.77,0.045403388,2344.929932,-0.003767037
42838.00,15.96,0.011976191,2328.949951,-0.006838021
42842.00,14.66,-0.084962896,2349.01001,0.008576466
42843.00,14.42,-0.016506565,2342.189941,-0.002907603
42844.00,14.93,0.03475648,2338.169922,-0.001717825
42845.00,14.15,-0.053657987,2355.840088,0.00752885
42846.00,14.63,0.033359591,2348.689941,-0.003039688
42849.00,10.84,-0.299831219,2374.149902,0.010781737
42850.00,10.76,-0.007407441,2388.610107,0.006072214
42851.00,10.85,0.008329525,2387.449951,-0.000485821
42852.00,10.36,-0.046212843,2388.77002,0.000552767
42853.00,10.82,0.043444037,2384.199951,-0.00191498
42856.00,10.11,-0.06787124,2388.330078,0.001730792
42857.00,10.59,0.046385127,2391.169922,0.001188344
42858.00,10.68,0.008462674,2388.129883,-0.001272169
42859.00,10.46,-0.020814375,2389.52002,0.000581933
42860.00,10.57,0.010461341,2399.290039,0.004080359
42863.00,9.77,-0.078703334,2399.379883,3.74454E-05
42864.00,9.96,0.019260606,2396.919922,-0.001025775
42865.00,10.21,0.024790561,2399.629883,0.001129963
42866.00,10.6,0.037486369,2394.439941,-0.002165152
42867.00,10.4,-0.019048195,2390.899902,-0.001479535
42870.00,10.42,0.00192123,2402.320068,0.004765142
42871.00,10.65,0.021832856,2400.669922,-0.000687133
42872.00,15.59,0.381069791,2357.030029,-0.018345468
42873.00,14.66,-0.061506987,2365.719971,0.003680039
42874.00,12.04,-0.196888257,2381.72998,0.006744703
42877.00,10.93,-0.096723138,2394.02002,0.005146864
42878.00,10.72,-0.019400147,2398.419922,0.001836185
42879.00,10.02,-0.06752806,2404.389893,0.002486034
42880.00,9.99,-0.002998503,2415.070068,0.004432112
42881.00,9.81,-0.018182319,2415.820068,0.000310502
42885.00,10.38,0.056478604,2412.909912,-0.001205351
42886.00,10.41,0.002886005,2411.800049,-0.000460075
42887.00,9.89,-0.051242737,2430.060059,0.007542596
42888.00,9.75,-0.014256861,2439.070068,0.003700874
42891.00,10.07,0.032293422,2436.100098,-0.001218407
42892.00,10.45,0.037041272,2429.330078,-0.002782909
42893.00,10.39,-0.005758173,2433.139893,0.001567029
42894.00,10.16,-0.022385363,2433.790039,0.000267169
42895.00,10.7,0.051785299,2431.77002,-0.000830334
42898.00,11.46,0.06861897,2429.389893,-0.000979242
42899.00,10.42,-0.095135675,2440.350098,0.004501359
42900.00,10.64,0.020893448,2437.919922,-0.000996327
42901.00,10.9,0.024142305,2432.459961,-0.00224211
42902.00,10.38,-0.048881911,2433.149902,0.000283599
42905.00,10.37,-0.000963855,2453.459961,0.008312583
42906.00,10.86,0.046169292,2437.030029,-0.006719161
42907.00,10.75,-0.01018056,2435.610107,-0.000582814
42908.00,10.48,-0.025437076,2434.5,-0.000455886
42909.00,10.02,-0.044885583,2438.300049,0.001559699
42912.00,9.9,-0.012048339,2439.070068,0.000315752
42913.00,11.06,0.110800239,2419.379883,-0.008105586
42914.00,10.03,-0.097754394,2440.689941,0.008769501
42915.00,11.44,0.131535384,2419.699951,-0.008637217
42916.00,11.18,-0.022989518,2423.409912,0.001532058
42919.00,11.22,0.003571432,2429.01001,0.002308168
42921.00,11.07,-0.013459153,2432.540039,0.001452224
42922.00,12.54,0.124684788,2409.75,-0.009412987
42923.00,11.19,-0.113903013,2425.179932,0.006382713
42926.00,11.11,-0.007174919,2427.429932,0.000927336
42927.00,10.89,-0.020000667,2425.530029,-0.000782987
42928.00,10.3,-0.055701042,2443.25,0.007279051
42929.00,9.9,-0.039609138,2447.830078,0.001872829
42930.00,9.51,-0.040190881,2459.27002,0.004662616
42933.00,9.82,0.032077246,2459.139893,-5.29143E-05
42934.00,9.89,0.007103023,2460.610107,0.000597678
42935.00,9.79,-0.010162689,2473.830078,0.005358258
42936.00,9.58,-0.021683865,2473.449951,-0.000153671
42937.00,9.36,-0.023232301,2472.540039,-0.000367939
42940.00,9.43,0.007450806,2469.909912,-0.001064301
42941.00,9.43,0,2477.129883,0.002918908
42942.00,9.6,0.017867002,2477.830078,0.000282624
42943.00,10.11,0.051761935,2475.419922,-0.000973162
42944.00,10.29,0.017647517,2472.100098,-0.001342016
42947.00,10.26,-0.00291971,2470.300049,-0.000728411
42948.00,10.09,-0.016708005,2476.350098,0.002446121
42949.00,10.28,0.018655426,2477.570068,0.000492527
42950.00,10.44,0.015444322,2472.159912,-0.002186042
42951.00,10.03,-0.04006398,2476.830078,0.001887321
42954.00,9.93,-0.010020124,2480.909912,0.001645845
42955.00,10.96,0.098691803,2474.919922,-0.002417352
42956.00,11.11,0.013593322,2474.02002,-0.000363675
42957.00,16.040001,0.367240061,2438.209961,-0.014580219
42958.00,15.51,-0.033600688,2441.320068,0.001274757
42961.00,12.33,-0.22944966,2465.840088,0.009993651
42962.00,12.04,-0.023800877,2464.610107,-0.000498933
42963.00,11.74,-0.025232625,2468.110107,0.001419096
42964.00,15.55,0.281058824,2430.01001,-0.015557342
42965.00,14.26,-0.086602224,2425.550049,-0.001837054
42968.00,13.19,-0.077999448,2428.370117,0.001161976
42969.00,11.35,-0.150241223,2452.51001,0.009891695
42970.00,12.25,0.076308193,2444.040039,-0.00345957
42971.00,12.23,-0.001633987,2438.969971,-0.002076617
42972.00,11.28,-0.080860704,2443.050049,0.001671472
42975.00,11.32,0.003539827,2444.23999,0.000486953
42976.00,11.7,0.033017769,2446.300049,0.000842467
42977.00,11.22,-0.041890942,2457.590088,0.004604532
42978.00,10.59,-0.05778774,2471.649902,0.005704673
42979.00,10.13,-0.044408841,2476.550049,0.001980578
42983.00,12.23,0.188390631,2457.850098,-0.007579458
42984.00,11.63,-0.050303983,2465.540039,0.003123842
42985.00,11.55,-0.00690253,2465.100098,-0.000178452
42986.00,12.12,0.048171544,2461.429932,-0.00148996
42989.00,10.73,-0.121813424,2488.110107,0.010780975
42990.00,10.58,-0.01407813,2496.47998,0.003358303
42991.00,10.5,-0.007590169,2498.370117,0.000756834
42992.00,10.44,-0.005730675,2495.620117,-0.001101324
42993.00,10.17,-0.026202372,2500.22998,0.001845477
42996.00,10.15,-0.001968505,2503.870117,0.001454862
42997.00,10.18,0.002951306,2506.649902,0.00110958
42998.00,9.78,-0.040085527,2508.23999,0.000634147
42999.00,9.67,-0.011311175,2500.600098,-0.003050566
43000.00,9.59,-0.008307421,2502.219971,0.000647584
43003.00,10.21,0.062646743,2496.659912,-0.002224523
43004.00,10.17,-0.003925422,2496.840088,7.21642E-05
43005.00,9.87,-0.029942357,2507.040039,0.004076822
43006.00,9.55,-0.032958699,2510.060059,0.001203891
43007.00,9.51,-0.004197278,2519.360107,0.003698263
43010.00,9.45,-0.006329135,2529.120117,0.003866519
43011.00,9.51,0.006329135,2534.580078,0.002156511
43012.00,9.63,0.012539349,2537.73999,0.001245944
43013.00,9.19,-0.046767289,2552.070068,0.005630904
43014.00,9.65,0.048841979,2549.330078,-0.001074211
43017.00,10.33,0.068094368,2544.72998,-0.001806064
43018.00,10.08,-0.02449902,2550.639893,0.00231972
43019.00,9.85,-0.023081807,2555.23999,0.001801883
43020.00,9.91,0.006072893,2550.929932,-0.001688177
43021.00,9.61,-0.030740125,2553.169922,0.000877722
43024.00,9.91,0.030740125,2557.639893,0.001749223
43025.00,10.31,0.03956995,2559.360107,0.000672353
43026.00,10.07,-0.023553591,2561.26001,0.00074206
43027.00,10.05,-0.001988072,2562.100098,0.000327944
43028.00,9.97,-0.007992051,2575.209961,0.005103796
43031.00,11.07,0.104658163,2564.97998,-0.003980396
43032.00,11.16,0.00809721,2569.129883,0.001616601
43033.00,11.23,0.006252812,2557.149902,-0.004673956
43034.00,11.3,0.006213957,2560.399902,0.001270139
43035.00,9.8,-0.14242034,2581.070068,0.00804061
43038.00,10.5,0.068992871,2572.830078,-0.003197577
43039.00,10.18,-0.030950246,2575.26001,0.000944013
43040.00,10.2,0.001962709,2579.360107,0.001590844
43041.00,9.93,-0.026827242,2579.850098,0.000189948
43042.00,9.14,-0.082900093,2587.840088,0.003092289
43045.00,9.4,0.028049304,2591.129883,0.001270444
43046.00,9.89,0.050814456,2590.639893,-0.000189121
43047.00,9.78,-0.011184662,2594.379883,0.001442614
43048.00,10.5,0.071035773,2584.620117,-0.003768981
43049.00,11.29,0.072542121,2582.300049,-0.000898047
43052.00,11.5,0.018429657,2584.840088,0.000983151
43053.00,11.59,0.007795622,2578.870117,-0.002312281
43054.00,13.13,0.124757031,2564.620117,-0.005540999
43055.00,11.76,-0.110195746,2585.639893,0.008162653
43056.00,11.43,-0.028462465,2578.850098,-0.002629417
43059.00,10.65,-0.070681586,2582.139893,0.00127487
43060.00,9.73,-0.090345996,2599.030029,0.006519839
43061.00,9.88,0.015298616,2597.080078,-0.000750543
43063.00,9.67,-0.021484202,2602.419922,0.002053984
43066.00,9.87,0.020471544,2601.419922,-0.000384332
43067.00,10.03,0.016080749,2627.040039,0.009800332
43068.00,10.7,0.064663139,2626.070068,-0.000369294
43069.00,11.28,0.052787505,2647.580078,0.008157587
43070.00,11.43,0.013210232,2642.219971,-0.002026583
43073.00,11.68,0.0216365,2639.439941,-0.001052711
43074.00,11.33,-0.030423902,2629.570068,-0.003746391
43075.00,11.02,-0.027742271,2629.27002,-0.000114112
43076.00,10.16,-0.081253362,2636.97998,0.002928067
43077.00,9.58,-0.05878085,2651.5,0.005491202
43080.00,9.34,-0.02537134,2659.98999,0.003196842
43081.00,9.92,0.060246669,2664.110107,0.001547724
43082.00,10.18,0.02587209,2662.850098,-0.000473069
43083.00,10.49,0.029997411,2652.01001,-0.004079168
43084.00,9.42,-0.107587334,2675.810059,0.008934313
43087.00,9.53,0.011609629,2690.159912,0.005348478
43088.00,10.03,0.051135884,2681.469971,-0.003235498
43089.00,9.72,-0.031394984,2679.25,-0.000828236
43090.00,9.62,-0.010341354,2684.570068,0.001983687
43091.00,9.9,0.028690492,2683.340088,-0.000458271
43095.00,10.25,0.034742948,2680.5,-0.001058976
43096.00,10.47,0.021236319,2682.620117,0.000790628
43097.00,10.18,-0.028089014,2687.540039,0.001832319
43098.00,11.04,0.08110003,2673.610107,-0.005196632
43102.00,9.77,-0.122208575,2695.810059,0.008269079
43103.00,9.15,-0.065562587,2713.060059,0.006378433
43104.00,9.22,0.007621158,2723.98999,0.004020543
43105.00,9.22,0,2743.149902,0.007009146
43108.00,9.52,0.032019811,2747.709961,0.001660964
43109.00,10.08,0.057158414,2751.290039,0.001302083
43110.00,9.82,-0.02613214,2748.22998,-0.001112846
43111.00,9.88,0.006091389,2767.560059,0.007009026
43112.00,10.16,0.02794593,2786.23999,0.006726926
43116.00,11.66,0.137705739,2776.419922,-0.003530713
43117.00,11.91,0.021214202,2802.560059,0.009371006
43118.00,12.22,0.02569557,2798.030029,-0.001617698
43119.00,11.27,-0.080929626,2810.300049,0.004375648
43122.00,11.03,-0.021525495,2832.969971,0.008034364
43123.00,11.1,0.006326275,2839.129883,0.002172005
43124.00,11.47,0.032789823,2837.540039,-0.000560133
43125.00,11.58,0.009544541,2839.25,0.000602439
43126.00,11.08,-0.044137791,2872.870117,0.011771638
43129.00,13.84,0.222421269,2853.530029,-0.006754736
43130.00,14.79,0.066388327,2822.429932,-0.010958643
43131.00,13.54,-0.088303009,2823.810059,0.000488866
43132.00,13.47,-0.005183277,2821.97998,-0.000648299
43133.00,17.309999,0.250819321,2762.129883,-0.02143668
43136.00,37.32,0.768245065,2648.939941,-0.041842541
43137.00,29.98,-0.218998883,2695.139893,0.017290574
43138.00,27.73,-0.078015633,2681.659912,-0.005014138
43139.00,33.459999,0.187835806,2581,-0.038259052
43140.00,29.059999,-0.140988042,2619.550049,0.014825645
43143.00,25.610001,-0.126379684,2656,0.013818666
43144.00,24.969999,-0.025307875,2662.939941,0.002609522
43145.00,19.26,-0.259644658,2698.629883,0.01331344
43146.00,19.129999,-0.006772675,2731.199951,0.011996862
43147.00,19.459999,0.017103294,2732.219971,0.0003734
43151.00,20.6,0.05693005,2716.26001,-0.005858517
43152.00,20.02,-0.028559302,2701.330078,-0.005511665
43153.00,18.719999,-0.067139356,2703.959961,0.000973078
43154.00,16.49,-0.126838281,2747.300049,0.015901278
43157.00,15.8,-0.042744197,2779.600098,0.011688439
43158.00,18.59,0.162613862,2744.280029,-0.012788312
43159.00,19.85,0.065580205,2713.830078,-0.011157806
43160.00,22.469999,0.123977035,2677.669922,-0.013413966
43161.00,19.59,-0.13716181,2691.25,0.005058785
43164.00,18.73,-0.044892716,2720.939941,0.010971617
43165.00,18.360001,-0.019952077,2728.120117,0.002635383
43166.00,17.76,-0.033225702,2726.800049,-0.000483992
43167.00,16.540001,-0.071166988,2738.969971,0.004453148
43168.00,14.64,-0.122024242,2786.570068,0.017229547
43171.00,15.78,0.074985807,2783.02002,-0.001274797
43172.00,16.35,0.035484582,2765.310059,-0.00638391
43173.00,17.23,0.052424153,2749.47998,-0.00574097
43174.00,16.59,-0.037851946,2747.330078,-0.000782236
43175.00,15.8,-0.048790164,2752.01001,0.001701998
43178.00,19.02,0.185481117,2712.919922,-0.014306041
43179.00,18.200001,-0.044069408,2716.939941,0.001480708
43180.00,17.860001,-0.018858018,2711.929932,-0.001845692
43181.00,23.34,0.267604995,2643.689941,-0.025484887
43182.00,24.870001,0.063493671,2588.26001,-0.021189807
43185.00,21.030001,-0.167712261,2658.550049,0.026795041
43186.00,22.5,0.067565272,2612.620117,-0.017427286
43187.00,22.870001,0.016310743,2605,-0.002920919
43188.00,19.969999,-0.135594954,2640.870117,0.013675777
43192.00,23.620001,0.167862756,2581.879883,-0.022590682
43193.00,21.1,-0.112820813,2614.449951,0.012535961
43194.00,20.059999,-0.050545308,2644.689941,0.011500102
43195.00,18.940001,-0.057451592,2662.840088,0.006839422
43196.00,21.49,0.12631157,2604.469971,-0.022164067
43199.00,21.77,0.012945165,2613.159912,0.003330995
43200.00,20.469999,-0.061572524,2656.870117,0.016588599
43201.00,20.24,-0.011299506,2642.189941,-0.005540686
43202.00,18.49,-0.090430799,2663.98999,0.008216899
43203.00,17.41,-0.060185292,2656.300049,-0.0028908
43206.00,16.559999,-0.050054665,2677.840088,0.008076337
43207.00,15.25,-0.082410586,2706.389893,0.010605072
43208.00,15.6,0.022691411,2708.639893,0.00083102
43209.00,15.96,0.022814678,2693.129883,-0.005742582
43210.00,16.879999,0.056043838,2670.139893,-0.008573177
43213.00,16.34,-0.03251334,2670.290039,5.62299E-05
43214.00,18.02,0.097866163,2634.560059,-0.013470888
43215.00,17.84,-0.010039125,2639.399902,0.001835374
43216.00,16.24,-0.093965792,2666.939941,0.010380144
43217.00,15.41,-0.052460685,2669.909912,0.001113005
43220.00,15.93,0.033187475,2648.050049,-0.008221192
43221.00,15.49,-0.028009469,2654.800049,0.002545802
43222.00,15.97,0.030517308,2635.669922,-0.007231951
43223.00,15.9,-0.004392853,2629.72998,-0.002256218
43224.00,14.77,-0.073721013,2663.419922,0.01272981
43227.00,14.75,-0.001355014,2672.629883,0.003451981
43228.00,14.71,-0.002715548,2671.919922,-0.000265677
43229.00,13.42,-0.091781403,2697.790039,0.009635648
43230.00,13.23,-0.014259153,2723.070068,0.009327011
43231.00,12.65,-0.044829763,2727.719971,0.00170614
43234.00,12.93,0.021892978,2730.129883,0.000883099
43235.00,14.63,0.123524022,2711.449951,-0.006865655
43236.00,13.42,-0.086328083,2722.459961,0.00405234
43237.00,13.43,0.000744879,2720.129883,-0.000856239
43238.00,13.42,-0.000744879,2712.969971,-0.002635665
43241.00,13.08,-0.025661786,2733.01001,0.007359605
43242.00,13.22,0.010646488,2724.439941,-0.003140689
43243.00,12.58,-0.049622583,2733.290039,0.003243145
43244.00,12.53,-0.003982482,2727.76001,-0.002025263
43245.00,13.22,0.053605066,2721.330078,-0.002360003
43249.00,17.02,0.252658289,2689.860107,-0.011631573
43250.00,14.94,-0.130346943,2724.01001,0.012615876
43251.00,15.43,0.032271487,2705.27002,-0.006903333
43252.00,13.46,-0.136591342,2734.620117,0.010790799
43255.00,12.74,-0.054975674,2746.870117,0.004469595
43256.00,12.4,-0.027050178,2748.800049,0.000702346
43257.00,11.64,-0.06324903,2772.350098,0.008530901
43258.00,12.13,0.041234281,2770.370117,-0.000714444
43259.00,12.18,0.004113539,2779.030029,0.003121029
43262.00,12.35,0.013860801,2782,0.001068137
43263.00,12.34,-0.000810045,2786.850098,0.001741867
43264.00,12.94,0.047477271,2775.629883,-0.004034255
43265.00,12.12,-0.065466308,2782.48999,0.0024685
43266.00,11.98,-0.011618388,2779.659912,-0.00101762
43269.00,12.31,0.027173348,2773.75,-0.002128391
43270.00,13.35,0.081104445,2762.590088,-0.004031518
43271.00,12.79,-0.042852769,2767.320068,0.00171069
43272.00,14.64,0.135093893,2749.76001,-0.006365729
43273.00,13.77,-0.061265196,2754.879883,0.001860203
43276.00,17.33,0.229946791,2717.070068,-0.013819723
43277.00,15.92,-0.084862923,2723.060059,0.002202151
43278.00,17.91,0.117783036,2699.629883,-0.008641586
43279.00,16.85,-0.061008559,2716.310059,0.00615968
43280.00,16.09,-0.046152696,2718.370117,0.000758116
43283.00,15.6,-0.030927047,2726.709961,0.003063261
43284.00,16.139999,0.034029687,2713.219971,-0.004959629
43286.00,14.97,-0.075252402,2736.610107,0.008583856
43287.00,13.37,-0.113034807,2759.820068,0.008445518
43290.00,12.69,-0.052199109,2784.169922,0.008784291
43291.00,12.64,-0.003947893,2793.840088,0.003467249
43292.00,13.63,0.075406857,2774.02002,-0.007119486
43293.00,12.58,-0.080164994,2798.290039,0.008710991
43294.00,12.18,-0.032312989,2801.310059,0.001078656
43297.00,12.83,0.051990916,2798.429932,-0.001028665
43298.00,12.06,-0.061891987,2809.550049,0.003965824
43299.00,12.1,0.003311261,2815.620117,0.002158182
43300.00,12.87,0.061693569,2804.48999,-0.003960827
43301.00,12.86,-0.000777303,2801.830078,-0.000948898
43304.00,12.62,-0.018838862,2806.97998,0.001836362
43305.00,12.41,-0.016780258,2820.399902,0.004769519
43306.00,12.29,-0.009716676,2846.070068,0.009060435
43307.00,12.14,-0.012280138,2837.439941,-0.003036903
43308.00,13.03,0.070748606,2818.820068,-0.006583835
43311.00,14.26,0.090204024,2802.600098,-0.005770789
43312.00,12.83,-0.105672236,2816.290039,0.004872837
43313.00,13.15,0.02463558,2813.360107,-0.001040893
43314.00,12.19,-0.075805815,2827.219971,0.00491435
43315.00,11.64,-0.046168501,2840.350098,0.004633432
43318.00,11.27,-0.032303114,2850.399902,0.003531982
43319.00,10.93,-0.030633026,2858.449951,0.002820202
43320.00,10.85,-0.007346222,2857.699951,-0.000262414
43321.00,11.27,0.037979248,2853.580078,-0.001442715
43322.00,13.16,0.155037598,2833.280029,-0.007139312
43325.00,14.78,0.11609299,2821.929932,-0.004014037
43326.00,13.31,-0.104759283,2839.959961,0.00636893
43327.00,14.64,0.095241876,2818.370117,-0.007631209
43328.00,13.45,-0.084778402,2840.689941,0.007888214
43329.00,12.64,-0.062112717,2850.129883,0.003317607
43332.00,12.49,-0.011938065,2857.050049,0.002425075
43333.00,12.86,0.029193395,2862.959961,0.0020664
43334.00,12.25,-0.048595782,2861.820068,-0.000398231
43335.00,12.41,0.012976662,2856.97998,-0.001692694
43336.00,11.99,-0.03442963,2874.689941,0.006179706
43339.00,12.16,0.014078907,2896.73999,0.007641141
43340.00,12.5,0.027576768,2897.52002,0.000269242
43341.00,12.25,-0.020202707,2914.040039,0.005685242
43342.00,13.53,0.099383505,2901.129883,-0.004440172
43343.00,12.86,-0.050787723,2901.52002,0.000134469
43347.00,13.16,0.023060207,2896.719971,-0.001655692
43348.00,13.91,0.05542608,2888.600098,-0.002807063
43349.00,14.65,0.05183233,2878.050049,-0.003658991
43350.00,14.88,0.015577694,2871.679932,-0.002215798
43353.00,14.16,-0.049596941,2877.129883,0.001896028
43354.00,13.22,-0.068690254,2887.889893,0.003732866
43355.00,13.14,-0.006069821,2888.919922,0.000356608
43356.00,12.37,-0.060386827,2904.179932,0.005268352
43357.00,12.07,-0.024551151,2904.97998,0.000275444
43360.00,13.68,0.125211877,2888.800049,-0.005585291
43361.00,12.79,-0.067271297,2904.310059,0.005354653
43362.00,11.75,-0.084810375,2907.949951,0.001252488
43363.00,11.8,0.004246291,2930.75,0.007810014
43364.00,11.68,-0.010221554,2929.669922,-0.000368601
43367.00,12.2,0.043557974,2919.370117,-0.003521882
43368.00,12.42,0.017872125,2915.560059,-0.001305948
43369.00,12.89,0.03714374,2905.969971,-0.0032947
43370.00,12.41,-0.037949218,2914,0.002759476
43371.00,12.12,-0.023645619,2913.97998,-6.87031E-06
43374.00,12,-0.009950331,2924.590088,0.003634493
43375.00,12.05,0.00415801,2923.429932,-0.000396769
43376.00,11.61,-0.037197864,2925.51001,0.000711267
43377.00,14.22,0.202782629,2901.610107,-0.008203036
43378.00,14.82,0.041328195,2885.570068,-0.005543315
43381.00,15.69,0.057045947,2884.429932,-0.000395194
43382.00,15.95,0.016435262,2880.340088,-0.00141891
43383.00,22.959999,0.364294699,2785.679932,-0.033416389
43384.00,24.98,0.084321977,2728.370117,-0.02078758
43385.00,21.309999,-0.158899106,2767.129883,0.014106236
43388.00,21.299999,-0.000469373,2750.790039,-0.005922482
43389.00,17.620001,-0.189672349,2809.919922,0.021267828
43390.00,17.4,-0.012564471,2809.209961,-0.000252694
43391.00,20.059999,0.142257526,2768.780029,-0.014496491
43392.00,19.889999,-0.00851069,2767.780029,-0.000361235
43395.00,19.639999,-0.012648791,2755.879883,-0.004308797
43396.00,20.709999,0.053048375,2740.689941,-0.005527076
43397.00,25.23,0.197417136,2656.100098,-0.031350774
43398.00,24.219999,-0.040855066,2705.570068,0.018453718
43399.00,24.16,-0.002480324,2658.689941,-0.017479138
43402.00,24.700001,0.022104911,2641.25,-0.006581208
43403.00,23.35,-0.0562063,2682.629883,0.015545323
43404.00,21.23,-0.095181708,2711.73999,0.010792879
43405.00,19.34,-0.093239786,2740.370117,0.010502499
43406.00,19.51,0.008751665,2723.060059,-0.006336721
43409.00,19.959999,0.022803066,2738.310059,0.005584694
43410.00,19.91,-0.002508103,2755.449951,0.006239788
43411.00,16.360001,-0.196382726,2813.889893,0.020987079
43412.00,16.719999,0.021766156,2806.830078,-0.002512069
43413.00,17.360001,0.037563219,2781.01001,-0.009241586
43416.00,20.450001,0.163814165,2726.219971,-0.019898151
43417.00,20.02,-0.021251158,2722.179932,-0.001483019
43418.00,21.25,0.059625121,2701.580078,-0.007596189
43419.00,19.98,-0.061625122,2730.199951,0.010538033
43420.00,18.139999,-0.096612384,2736.27002,0.002220838
43423.00,20.1,0.102600426,2690.72998,-0.016783162
43424.00,22.48,0.11190621,2641.889893,-0.018317995
43425.00,20.799999,-0.077673086,2649.929932,0.003038669
43427.00,21.52,0.034029797,2632.560059,-0.00657642
43430.00,18.9,-0.129820813,2673.449951,0.015412976
43431.00,19.02,0.006329135,2682.169922,0.003256384
43432.00,18.49,-0.028261012,2743.790039,0.022714051
43433.00,18.790001,0.016094821,2737.800049,-0.002185494
43434.00,18.07,-0.039071762,2760.169922,0.008137548
43437.00,16.440001,-0.094535654,2790.370117,0.010882002
43438.00,20.74,0.232346752,2700.060059,-0.032900229
43440.00,21.190001,0.021465217,2695.949951,-0.001523388
43441.00,23.23,0.091915127,2633.080078,-0.023596335
43444.00,22.639999,-0.025726338,2637.719971,0.001760603
43445.00,21.76,-0.039644787,2636.780029,-0.00035641
43446.00,21.459999,-0.013882731,2651.070068,0.005404871
43447.00,20.65,-0.038475371,2650.540039,-0.00019995
43448.00,21.629999,0.046365874,2599.949951,-0.019271212
43451.00,24.52,0.125407917,2545.939941,-0.020992285
43452.00,25.58,0.042321685,2546.159912,8.6397E-05
43453.00,25.58,0,2506.959961,-0.015515459
43454.00,28.379999,0.10387384,2467.419922,-0.015897809
43455.00,30.110001,0.059172739,2416.620117,-0.020803121
43458.00,36.07,0.180604119,2351.100098,-0.027486573
43460.00,30.41,-0.170689993,2467.699951,0.048403177
43461.00,29.959999,-0.014908376,2488.830078,0.008526229
43462.00,28.34,-0.055588891,2485.73999,-0.001242354
43465.00,25.42,-0.108737969,2506.850098,0.008456626
43467.00,23.219999,-0.090522333,2510.030029,0.001267693
43468.00,25.450001,0.091701849,2447.889893,-0.025068332
43469.00,21.379999,-0.174259923,2531.939941,0.033759399
43472.00,21.4,0.000935063,2549.689941,0.006985976
43473.00,20.469999,-0.044430571,2574.409912,0.009648587
43474.00,19.98,-0.024228578,2584.959961,0.004089671
43475.00,19.5,-0.024317308,2596.639893,0.004508242
43476.00,18.190001,-0.069542418,2596.26001,-0.000146309
43479.00,19.07,0.047244372,2582.610107,-0.005271395
43480.00,18.6,-0.024954839,2610.300049,0.010664619
43481.00,19.040001,0.023380501,2616.100098,0.002219521
43482.00,18.059999,-0.052842589,2635.959961,0.007562731
43483.00,17.799999,-0.014501091,2670.709961,0.013096913
43487.00,20.799999,0.155754538,2632.899902,-0.014258477
43488.00,19.52,-0.063513358,2638.699951,0.00220049
43489.00,18.889999,-0.032806952,2642.330078,0.00137478
43490.00,17.42,-0.081013657,2664.76001,0.008452868
43493.00,18.870001,0.079954441,2643.850098,-0.007877776
43494.00,19.129999,0.013684319,2640,-0.001457308
43495.00,17.66,-0.079955536,2681.050049,0.01542961
43496.00,16.57,-0.063708364,2704.100098,0.008560649
43497.00,16.139999,-0.026293231,2706.530029,0.000898206
43500.00,15.73,-0.025730884,2724.870117,0.006753381
43501.00,15.57,-0.010223731,2737.699951,0.00469737
43502.00,15.38,-0.012278022,2731.610107,-0.002226916
43503.00,16.370001,0.062382488,2706.050049,-0.009401193
43504.00,15.72,-0.040516665,2707.879883,0.000675973
43507.00,15.97,0.015778175,2709.800049,0.000708852
43508.00,15.43,-0.034398296,2744.72998,0.012807853
43509.00,15.65,0.014157251,2753.030029,0.003019432
43510.00,16.219999,0.03577407,2745.72998,-0.002655163