date, value,,,,
39821,8742.46,,,,
39822,8599.18,,,,
39825,8473.97,,,,
39826,8448.56,,,,
39827,8200.14,,,,
39828,8212.49,,,,
39829,8281.22,,,,
39833,7949.09,,,,
39834,8228.1,,,,
39835,8122.8,,,,
39836,8077.56,,,,
39839,8116.03,,,,
39840,8174.73,,,,
39841,8375.45,,,,
39842,8149.01,,,,
39843,8000.86,,,,
39846,7936.75,,,,
39847,8078.36,,,,
39848,7956.66,,,,
39849,8063.07,,,,
39850,8280.59,,,,
39853,8270.87,,,,
39854,7888.88,,,,
39855,7939.53,,,,
39856,7932.76,,,,
39857,7850.41,,,,
39861,7552.6,,,,
39862,7555.63,,,,
39863,7465.95,,,,
39864,7365.67,,,,
39867,7114.78,,,,
39868,7350.94,,,,
39869,7270.89,,,,
39870,7182.08,,,,
39871,7062.93,,,,
39874,6763.29,,,,
39875,6726.02,,,,
39876,6875.84,,,,
39877,6594.44,,,,
39878,6626.94,,,,
39881,6547.05,,,,
39882,6926.49,,,,
39883,6930.4,,,,
39884,7170.06,,,,
39885,7223.98,,,,
39888,7216.97,,,,
39889,7395.7,,,,
39890,7486.58,,,,
39891,7400.8,,,,
39892,7278.38,,,,
39895,7775.86,,,,
39896,7659.97,,,,
39897,7749.81,,,,
39898,7924.56,,,,
39899,7776.18,,,,
39902,7522.02,,,,
39903,7608.92,,,,
39904,7761.6,,,,
39905,7978.08,,,,
39906,8017.59,,,,
39909,7975.85,,,,
39910,7789.56,,,,
39911,7837.11,,,,
39912,8083.38,,,,
39916,8057.81,,,,
39917,7920.18,,,,
39918,8029.62,,,,
39919,8125.43,,,,
39920,8131.33,,,,
39923,7841.73,,,,
39924,7969.56,,,,
39925,7886.57,,,,
39926,7957.06,,,,
39927,8076.29,,,,
39930,8025,,,,
39931,8016.95,,,,
39932,8185.73,,,,
39933,8168.12,,,,
39934,8212.41,,,,
39937,8426.74,,,,
39938,8410.65,,,,
39939,8512.28,,,,
39940,8409.85,,,,
39941,8574.65,,,,
39944,8418.77,,,,
39945,8469.11,,,,
39946,8284.89,,,,
39947,8331.32,,,,
39948,8268.64,,,,
39951,8504.08,,,,
39952,8474.85,,,,
39953,8422.04,,,,
39954,8292.13,,,,
39955,8277.32,,,,
39959,8473.49,,,,
39960,8300.02,,,,
39961,8403.8,,,,
39962,8500.33,,,,
39965,8721.44,,,,
39966,8740.87,,,,
39967,8675.24,,,,
39968,8750.24,,,,
39969,8763.13,,,,
39972,8764.49,,,,
39973,8763.06,,,,
39974,8739.02,,,,
39975,8770.92,,,,
39976,8799.26,,,,
39979,8612.13,,,,
39980,8504.67,,,,
39981,8497.18,,,,
39982,8555.6,,,,
39983,8539.73,,,,
39986,8339.01,,,,
39987,8322.91,,,,
39988,8299.86,,,,
39989,8472.4,,,,
39990,8438.39,,,,
39993,8529.38,,,,
39994,8447,,,,
39995,8504.06,,,,
39996,8280.74,,,,
40000,8324.87,,,,
40001,8163.6,,,,
40002,8178.41,,,,
40003,8183.17,,,,
40004,8146.52,,,,
40007,8331.68,,,,
40008,8359.49,,,,
40009,8616.21,,,,
40010,8711.82,,,,
40011,8743.94,,,,
40014,8848.15,,,,
40015,8915.94,,,,
40016,8881.26,,,,
40017,9069.29,,,,
40018,9093.24,,,,
40021,9108.51,,,,
40022,9096.72,,,,
40023,9070.72,,,,
40024,9154.46,,,,
40025,9171.61,,,,
40028,9286.56,,,,
40029,9320.19,,,,
40030,9280.97,,,,
40031,9256.26,,,,
40032,9370.07,,,,
40035,9337.95,,,,
40036,9241.45,,,,
40037,9361.61,,,,
40038,9398.19,,,,
40039,9321.4,,,,
40042,9135.34,,,,
40043,9217.94,,,,
40044,9279.16,,,,
40045,9350.05,,,,
40046,9505.96,,,,
40049,9509.28,,,,
40050,9539.29,,,,
40051,9543.52,,,,
40052,9580.63,,,,
40053,9544.2,,,,
40056,9496.28,,,,
40057,9310.6,,,,
40058,9280.67,,,,
40059,9344.61,,,,
40060,9441.27,,,,
40064,9497.34,,,,
40065,9547.22,,,,
40066,9627.48,,,,
40067,9605.41,,,,
40070,9626.8,,,,
40071,9683.41,,,,
40072,9791.71,,,,
40073,9783.92,,,,
40074,9820.2,,,,
40077,9778.86,,,,
40078,9829.87,,,,
40079,9748.55,,,,
40080,9707.44,,,,
40081,9665.19,,,,
40084,9789.36,,,,
40085,9742.2,,,,
40086,9712.28,,,,
40087,9509.28,,,,
40088,9487.67,,,,
40091,9599.75,,,,
40092,9731.25,,,,
40093,9725.58,,,,
40094,9786.87,,,,
40095,9864.94,,,,
40098,9885.8,,,,
40099,9871.06,,,,
40100,10015.86,,,,
40101,10062.94,,,,
40102,9995.91,,,,
40105,10092.19,,,,
40106,10041.48,,,,
40107,9949.36,,,,
40108,10081.31,,,,
40109,9972.18,,,,
40112,9867.96,,,,
40113,9882.17,,,,
40114,9762.69,,,,
40115,9962.58,,,,
40116,9712.73,,,,
40119,9789.44,,,,
40120,9771.91,,,,
40121,9802.14,,,,
40122,10005.96,,,,
40123,10023.42,,,,
40126,10226.94,,,,
40127,10246.97,,,,
40128,10291.26,,,,
40129,10197.47,,,,
40130,10270.47,,,,
40133,10406.96,,,,
40134,10437.42,,,,
40135,10426.31,,,,
40136,10332.44,,,,
40137,10318.16,,,,
40140,10450.95,,,,
40141,10433.71,,,,
40142,10464.4,,,,
40144,10309.92,,,,
40147,10344.84,,,,
40148,10471.58,,,,
40149,10452.68,,,,
40150,10366.15,,,,
40151,10388.9,,,,
40154,10390.11,,,,
40155,10285.97,,,,
40156,10337.05,,,,
40157,10405.83,,,,
40158,10471.5,,,,
40161,10501.05,,,,
40162,10452,,,,
40163,10441.12,,,,
40164,10308.26,,,,
40165,10328.89,,,,
40168,10414.14,,,,
40169,10464.93,,,,
40170,10466.44,,,,
40171,10520.09,,,,
40175,10547.08,,,,
40176,10545.41,,,,
40177,10548.51,,,,
40178,10428.05,,,,
40182,10583.96,,,,
40183,10572.02,,,,
40184,10573.68,,,,
40185,10606.86,,,,
40186,10618.19,,,,
40189,10663.99,,,,
40190,10627.26,,,,
40191,10680.77,,,,
40192,10710.55,,,,
40193,10609.65,,,,
40197,10725.43,,,,
40198,10603.15,,,,
40199,10389.88,,,,
40200,10172.98,,,,
40203,10196.86,,,,
40204,10194.29,,,,
40205,10236.16,,,,
40206,10120.46,,,,
40207,10067.33,,,,
40210,10185.53,,,,
40211,10296.85,,,,
40212,10270.55,,,,
40213,10002.18,,,,
40214,10012.23,,,,
40217,9908.39,,,,
40218,10058.64,,,,
40219,10038.38,,,,
40220,10144.19,,,,
40221,10099.14,,,,
40225,10268.81,,,,
40226,10309.24,,,,
40227,10392.9,,,,
40228,10402.35,,,,
40231,10383.38,,,,
40232,10282.41,,,,
40233,10374.16,,,,
40234,10321.03,,,,
40235,10325.26,,,,
40238,10403.79,,,,
40239,10405.98,,,,
40240,10396.76,,,,
40241,10444.14,,,,
40242,10566.2,,,,
40245,10552.52,,,,
40246,10564.38,,,,
40247,10567.33,,,,
40248,10611.84,,,,
40249,10624.69,,,,
40252,10642.15,,,,
40253,10685.98,,,,
40254,10733.67,,,,
40255,10779.17,,,,
40256,10741.98,,,,
40259,10785.89,,,,
40260,10888.83,,,,
40261,10836.15,,,,
40262,10841.21,,,,
40263,10850.36,,,,
40266,10895.86,,,,
40267,10907.42,,,,
40268,10856.63,,,,
40269,10927.07,,,,
40273,10973.55,,,,
40274,10969.99,,,,
40275,10897.52,,,,
40276,10927.07,,,,
40277,10997.35,,,,
40280,11005.97,,,,
40281,11019.42,,,,
40282,11123.11,,,,
40283,11144.57,,,,
40284,11018.66,,,,
40287,11092.05,,,,
40288,11117.06,,,,
40289,11124.92,,,,
40290,11134.29,,,,
40291,11204.28,,,,
40294,11205.03,,,,
40295,10991.99,,,,
40296,11045.27,,,,
40297,11167.32,,,,
40298,11008.61,,,,
40301,11151.83,,,,
40302,10926.77,,,,
40303,10866.83,,,,
40304,10520.32,,,,
40305,10380.43,,,,
40308,10785.14,,,,
40309,10748.26,,,,
40310,10896.91,,,,
40311,10782.95,,,,
40312,10620.16,,,,
40315,10625.83,,,,
40316,10510.95,,,,
40317,10444.37,,,,
40318,10068.01,,,,
40319,10193.39,,,,
40322,10066.57,,,,
40323,10043.75,,,,
40324,9974.45,,,,
40325,10258.99,,,,
40326,10136.63,,,,
40330,10024.02,,,,
40331,10249.54,,,,
40332,10255.28,,,,
40333,9931.97,,,,
40336,9816.49,,,,
40337,9939.98,,,,
40338,9899.25,,,,
40339,10172.53,,,,
40340,10211.07,,,,
40343,10190.89,,,,
40344,10404.77,,,,
40345,10409.46,,,,
40346,10434.17,,,,
40347,10450.64,,,,
40350,10442.41,,,,
40351,10293.52,,,,
40352,10298.44,,,,
40353,10152.8,,,,
40354,10143.81,,,,
40357,10138.52,,,,
40358,9870.3,,,,
40359,9774.02,,,,
40360,9732.53,,,,
40361,9686.48,,,,
40365,9743.62,,,,
40366,10018.28,,,,
40367,10138.99,,,,
40368,10198.03,,,,
40371,10216.27,,,,
40372,10363.02,,,,
40373,10366.72,,,,
40374,10359.31,,,,
40375,10097.9,,,,
40378,10154.43,,,,
40379,10229.96,,,,
40380,10120.53,,,,
40381,10322.3,,,,
40382,10424.62,,,,
40385,10525.43,,,,
40386,10537.69,,,,
40387,10497.88,,,,
40388,10467.16,,,,
40389,10465.94,,,,
40392,10674.38,,,,
40393,10636.38,,,,
40394,10680.43,,,,
40395,10674.98,,,,
40396,10653.56,,,,
40399,10698.75,,,,
40400,10644.25,,,,
40401,10378.83,,,,
40402,10319.95,,,,
40403,10303.15,,,,
40406,10302.01,,,,
40407,10405.85,,,,
40408,10415.54,,,,
40409,10271.21,,,,
40410,10213.62,,,,
40413,10174.41,,,,
40414,10040.45,,,,
40415,10060.06,,,,
40416,9985.81,,,,
40417,10150.65,,,,
40420,10009.73,,,,
40421,10014.72,,,,
40422,10269.47,,,,
40423,10320.1,,,,
40424,10447.93,,,,
40428,10340.69,,,,
40429,10387.01,,,,
40430,10415.24,,,,
40431,10462.77,,,,
40434,10544.13,,,,
40435,10526.49,,,,
40436,10572.73,,,,
40437,10594.83,,,,
40438,10607.85,,,,
40441,10753.62,,,,
40442,10761.03,,,,
40443,10739.31,,,,
40444,10662.42,,,,
40445,10860.26,,,,
40448,10812.04,,,,
40449,10858.14,,,,
40450,10835.28,,,,
40451,10788.05,,,,
40452,10829.68,,,,
40455,10751.27,,,,
40456,10944.72,,,,
40457,10967.65,,,,
40458,10948.58,,,,
40459,11006.48,,,,
40462,11010.34,,,,
40463,11020.4,,,,
40464,11096.08,,,,
40465,11094.57,,,,
40466,11062.78,,,,
40469,11143.69,,,,
40470,10978.62,,,,
40471,11107.97,,,,
40472,11146.57,,,,
40473,11132.56,,,,
40476,11164.05,,,,
40477,11169.46,,,,
40478,11126.28,,,,
40479,11113.95,,,,
40480,11118.49,,,,
40483,11124.62,,,,
40484,11188.72,,,,
40485,11215.13,,,,
40486,11434.84,,,,
40487,11444.08,,,,
40490,11406.84,,,,
40491,11346.75,,,,
40492,11357.04,,,,
40493,11283.1,,,,
40494,11192.58,,,,
40497,11201.97,,,,
40498,11023.5,,,,
40499,11007.88,,,,
40500,11181.23,,,,
40501,11203.55,,,,
40504,11178.58,,,,
40505,11036.37,,,,
40506,11187.28,,,,
40508,11091.87,,,,
40511,11052.49,,,,
40512,11006.02,,,,
40513,11255.78,,,,
40514,11362.41,,,,
40515,11382.09,,,,
40518,11362.19,,,,
40519,11359.16,,,,
40520,11372.48,,,,
40521,11370.06,,,,
40522,11410.32,,,,
40525,11428.56,,,,
40526,11476.54,,,,
40527,11457.47,,,,
40528,11499.25,,,,
40529,11491.91,,,,
40532,11478.13,,,,
40533,11533.16,,,,
40534,11559.49,,,,
40535,11573.49,,,,
40539,11555.03,,,,
40540,11575.54,,,,
40541,11585.38,,,,
40542,11569.71,,,,
40543,11577.51,,,,
40546,11670.75,,,,
40547,11691.18,,,,
40548,11722.89,,,,
40549,11697.31,,,,
40550,11674.76,,,,
40553,11637.45,,,,
40554,11671.88,,,,
40555,11755.44,,,,
40556,11731.9,,,,
40557,11787.38,,,,
40561,11837.93,,,,
40562,11825.29,,,,
40563,11822.8,,,,
40564,11871.84,,,,
40567,11980.52,,,,
40568,11977.19,,,,
40569,11985.44,,,,
40570,11989.83,,,,
40571,11823.7,,,,
40574,11891.93,,,,
40575,12040.16,,,,
40576,12041.97,,,,
40577,12062.26,,,,
40578,12092.15,,,,
40581,12161.63,,,,
40582,12233.15,,,,
40583,12239.89,,,,
40584,12229.29,,,,
40585,12273.26,,,,
40588,12268.19,,,,
40589,12226.64,,,,
40590,12288.17,,,,
40591,12318.14,,,,
40592,12391.25,,,,
40596,12212.79,,,,
40597,12105.78,,,,
40598,12068.5,,,,
40599,12130.45,,,,
40602,12226.34,,,,
40603,12058.02,,,,
40604,12066.8,,,,
40605,12258.2,,,,
40606,12169.88,,,,
40609,12090.03,,,,
40610,12214.38,,,,
40611,12213.09,,,,
40612,11984.61,,,,
40613,12044.4,,,,
40616,11993.16,,,,
40617,11855.42,,,,
40618,11613.3,,,,
40619,11774.59,,,,
40620,11858.52,,,,
40623,12036.53,,,,
40624,12018.63,,,,
40625,12086.02,,,,
40626,12170.56,,,,
40627,12220.59,,,,
40630,12197.88,,,,
40631,12279.01,,,,
40632,12350.61,,,,
40633,12319.73,,,,
40634,12376.72,,,,
40637,12400.03,,,,
40638,12393.9,,,,
40639,12426.75,,,,
40640,12409.49,,,,
40641,12380.05,,,,
40644,12381.11,,,,
40645,12263.58,,,,
40646,12270.99,,,,
40647,12285.15,,,,
40648,12341.83,,,,
40651,12201.59,,,,
40652,12266.75,,,,
40653,12453.54,,,,
40654,12505.99,,,,
40658,12479.88,,,,
40659,12595.37,,,,
40660,12690.96,,,,
40661,12763.31,,,,
40662,12810.54,,,,
40665,12807.36,,,,
40666,12807.51,,,,
40667,12723.58,,,,
40668,12584.17,,,,
40669,12638.74,,,,
40672,12684.68,,,,
40673,12760.36,,,,
40674,12630.03,,,,
40675,12695.92,,,,
40676,12595.75,,,,
40679,12548.37,,,,
40680,12479.58,,,,
40681,12560.18,,,,
40682,12605.32,,,,
40683,12512.04,,,,
40686,12381.26,,,,
40687,12356.21,,,,
40688,12394.66,,,,
40689,12402.76,,,,
40690,12441.58,,,,
40694,12569.79,,,,
40695,12290.14,,,,
40696,12248.55,,,,
40697,12151.26,,,,
40700,12089.96,,,,
40701,12070.81,,,,
40702,12048.94,,,,
40703,12124.36,,,,
40704,11951.91,,,,
40707,11952.97,,,,
40708,12076.11,,,,
40709,11897.27,,,,
40710,11961.52,,,,
40711,12004.36,,,,
40714,12080.38,,,,
40715,12190.01,,,,
40716,12109.67,,,,
40717,12050,,,,
40718,11934.58,,,,
40721,12043.56,,,,
40722,12188.69,,,,
40723,12261.42,,,,
40724,12414.34,,,,
40725,12582.77,,,,
40729,12569.87,,,,
40730,12626.02,,,,
40731,12719.49,,,,
40732,12657.2,,,,
40735,12505.76,,,,
40736,12446.88,,,,
40737,12491.61,,,,
40738,12437.12,,,,
40739,12479.73,,,,
40742,12385.16,,,,
40743,12587.42,,,,
40744,12571.91,,,,
40745,12724.41,,,,
40746,12681.16,,,,
40749,12592.8,,,,
40750,12501.3,,,,
40751,12302.55,,,,
40752,12240.11,,,,
40753,12143.24,,,,
40756,12132.49,,,,
40757,11866.62,,,,
40758,11896.44,,,,
40759,11383.68,,,,
40760,11444.61,,,,
40763,10809.85,,,,
40764,11239.77,,,,
40765,10719.94,,,,
40766,11143.31,,,,
40767,11269.02,,,,
40770,11482.9,,,,
40771,11405.93,,,,
40772,11410.21,,,,
40773,10990.58,,,,
40774,10817.65,,,,
40777,10854.65,,,,
40778,11176.76,,,,
40779,11320.71,,,,
40780,11149.82,,,,
40781,11284.54,,,,
40784,11539.25,,,,
40785,11559.95,,,,
40786,11613.53,,,,
40787,11493.57,,,,
40788,11240.26,,,,
40792,11139.3,,,,
40793,11414.86,,,,
40794,11295.81,,,,
40795,10992.13,,,,
40798,11061.12,,,,
40799,11105.85,,,,
40800,11246.73,,,,
40801,11433.18,,,,
40802,11509.09,,,,
40805,11401.01,,,,
40806,11408.66,,,,
40807,11124.84,,,,
40808,10733.83,,,,
40809,10771.48,,,,
40812,11043.86,,,,
40813,11190.69,,,,
40814,11010.9,,,,
40815,11153.98,,,,
40816,10913.38,,,,
40819,10655.3,,,,
40820,10808.71,,,,
40821,10939.95,,,,
40822,11123.33,,,,
40823,11103.12,,,,
40826,11433.18,,,,
40827,11416.3,,,,
40828,11518.85,,,,
40829,11478.13,,,,
40830,11644.49,,,,
40833,11397,,,,
40834,11577.05,,,,
40835,11504.62,,,,
40836,11541.78,,,,
40837,11808.79,,,,
40840,11913.62,,,,
40841,11706.62,,,,
40842,11869.04,,,,
40843,12208.55,,,,
40844,12231.11,,,,
40847,11955.01,,,,
40848,11657.96,,,,
40849,11836.04,,,,
40850,12044.47,,,,
40851,11983.24,,,,
40854,12068.39,,,,
40855,12170.18,,,,
40856,11780.94,,,,
40857,11893.86,,,,
40858,12153.68,,,,
40861,12078.98,,,,
40862,12096.16,,,,
40863,11905.59,,,,
40864,11770.73,,,,
40865,11796.16,,,,
40868,11547.31,,,,
40869,11493.72,,,,
40870,11257.55,,,,
40872,11231.65,,,,
40875,11523.01,,,,
40876,11555.63,,,,
40877,12045.68,,,,
40878,12020.03,,,,
40879,12019.42,,,,
40882,12097.83,,,,
40883,12150.13,,,,
40884,12196.37,,,,
40885,11997.7,,,,
40886,12184.26,,,,
40889,12021.39,,,,
40890,11954.94,,,,
40891,11823.48,,,,
40892,11868.81,,,,
40893,11866.39,,,,
40896,11766.26,,,,
40897,12103.58,,,,
40898,12107.74,,,,
40899,12169.65,,,,
40900,12294,,,,
40904,12291.35,,,,
40905,12151.41,,,,
40906,12287.04,,,,
40907,12217.56,,,,
40911,12397.38,,,,
40912,12418.42,,,,
40913,12415.7,,,,
40914,12359.92,,,,
40917,12392.69,,,,
40918,12462.47,,,,
40919,12449.45,,,,
40920,12471.02,,,,
40921,12422.06,,,,
40925,12482.07,,,,
40926,12578.95,,,,
40927,12623.98,,,,
40928,12720.48,,,,
40931,12708.82,,,,
40932,12675.75,,,,
40933,12758.85,,,,
40934,12734.63,,,,
40935,12660.46,,,,
40938,12653.72,,,,
40939,12632.91,,,,
40940,12716.46,,,,
40941,12705.41,,,,
40942,12862.23,,,,
40945,12845.13,,,,
40946,12878.2,,,,
40947,12883.95,,,,
40948,12890.46,,,,
40949,12801.23,,,,
40952,12874.04,,,,
40953,12878.28,,,,
40954,12780.95,,,,
40955,12904.08,,,,
40956,12949.87,,,,
40960,12965.69,,,,
40961,12938.67,,,,
40962,12984.69,,,,
40963,12982.95,,,,
40966,12981.51,,,,
40967,13005.12,,,,
40968,12952.07,,,,
40969,12980.3,,,,
40970,12977.57,,,,
40973,12962.81,,,,
40974,12759.15,,,,
40975,12837.33,,,,
40976,12907.94,,,,
40977,12922.02,,,,
40980,12959.71,,,,
40981,13177.68,,,,
40982,13194.1,,,,
40983,13252.76,,,,
40984,13232.62,,,,
40987,13239.13,,,,
40988,13170.19,,,,
40989,13124.62,,,,
40990,13046.14,,,,
40991,13080.73,,,,
40994,13241.63,,,,
40995,13197.73,,,,
40996,13126.21,,,,
40997,13145.82,,,,
40998,13212.04,,,,
41001,13264.49,,,,
41002,13199.55,,,,
41003,13074.75,,,,
41004,13060.14,,,,
41008,12929.59,,,,
41009,12715.93,,,,
41010,12805.39,,,,
41011,12986.58,,,,
41012,12849.59,,,,
41015,12921.41,,,,
41016,13115.54,,,,
41017,13032.75,,,,
41018,12964.1,,,,
41019,13029.26,,,,
41022,12927.17,,,,
41023,13001.56,,,,
41024,13090.72,,,,
41025,13204.62,,,,
41026,13228.31,,,,
41029,13213.63,,,,
41030,13279.32,,,,
41031,13268.57,,,,
41032,13206.59,,,,
41033,13038.27,,,,
41036,13008.53,,,,
41037,12932.09,,,,
41038,12835.06,,,,
41039,12855.04,,,,
41040,12820.6,,,,
41043,12695.35,,,,
41044,12632,,,,
41045,12598.55,,,,
41046,12442.49,,,,
41047,12369.38,,,,
41050,12504.48,,,,
41051,12502.81,,,,
41052,12496.15,,,,
41053,12529.75,,,,
41054,12454.83,,,,
41058,12580.69,,,,
41059,12419.86,,,,
41060,12393.45,,,,
41061,12118.57,,,,
41064,12101.46,,,,
41065,12127.95,,,,
41066,12414.79,,,,
41067,12460.96,,,,
41068,12554.2,,,,
41071,12411.23,,,,
41072,12573.8,,,,
41073,12496.38,,,,
41074,12651.91,,,,
41075,12767.17,,,,
41078,12741.82,,,,
41079,12837.33,,,,
41080,12824.39,,,,
41081,12573.57,,,,
41082,12640.78,,,,
41085,12502.66,,,,
41086,12534.67,,,,
41087,12627.01,,,,
41088,12602.26,,,,
41089,12880.09,,,,
41092,12871.39,,,,
41093,12943.66,,,,
41095,12896.67,,,,
41096,12772.47,,,,
41099,12736.29,,,,
41100,12653.12,,,,
41101,12604.53,,,,
41102,12573.27,,,,
41103,12777.09,,,,
41106,12727.21,,,,
41107,12805.54,,,,
41108,12908.7,,,,
41109,12943.36,,,,
41110,12822.57,,,,
41113,12721.46,,,,
41114,12617.32,,,,
41115,12676.05,,,,
41116,12887.93,,,,
41117,13075.66,,,,
41120,13073.01,,,,
41121,13008.68,,,,
41122,12976.13,,,,
41123,12878.88,,,,
41124,13096.17,,,,
41127,13117.51,,,,
41128,13168.6,,,,
41129,13175.64,,,,
41130,13165.19,,,,
41131,13207.95,,,,
41134,13169.43,,,,
41135,13172.14,,,,
41136,13164.78,,,,
41137,13250.11,,,,
41138,13275.2,,,,
41141,13271.64,,,,
41142,13203.58,,,,
41143,13172.76,,,,
41144,13057.46,,,,
41145,13157.97,,,,
41148,13124.67,,,,
41149,13102.99,,,,
41150,13107.48,,,,
41151,13000.71,,,,
41152,13090.84,,,,
41156,13035.94,,,,
41157,13047.48,,,,
41158,13292,,,,
41159,13306.64,,,,
41162,13254.29,,,,
41163,13323.36,,,,
41164,13333.35,,,,
41165,13539.86,,,,
41166,13593.37,,,,
41169,13553.1,,,,
41170,13564.64,,,,
41171,13577.96,,,,
41172,13596.93,,,,
41173,13579.47,,,,
41176,13558.92,,,,
41177,13457.55,,,,
41178,13413.51,,,,
41179,13485.97,,,,
41180,13437.13,,,,
41183,13515.11,,,,
41184,13482.36,,,,
41185,13494.61,,,,
41186,13575.36,,,,
41187,13610.15,,,,
41190,13583.65,,,,
41191,13473.53,,,,
41192,13344.97,,,,
41193,13326.39,,,,
41194,13328.85,,,,
41197,13424.23,,,,
41198,13551.78,,,,
41199,13557,,,,
41200,13548.94,,,,
41201,13343.51,,,,
41204,13345.89,,,,
41205,13102.53,,,,
41206,13077.34,,,,
41207,13103.68,,,,
41208,13107.21,,,,
41211,13107.21,,,,
41212,13107.21,,,,
41213,13096.46,,,,
41214,13232.62,,,,
41215,13093.16,,,,
41218,13112.44,,,,
41219,13245.68,,,,
41220,12932.73,,,,
41221,12811.32,,,,
41222,12815.39,,,,
41225,12815.08,,,,
41226,12756.18,,,,
41227,12570.95,,,,
41228,12542.38,,,,
41229,12588.31,,,,
41232,12795.96,,,,
41233,12788.51,,,,
41234,12836.89,,,,
41236,13009.53,,,,
41239,12967.37,,,,
41240,12878.13,,,,
41241,12985.11,,,,
41242,13021.82,,,,
41243,13025.58,,,,
41246,12965.6,,,,
41247,12951.78,,,,
41248,13034.49,,,,
41249,13074.04,,,,
41250,13155.13,,,,
41253,13169.88,,,,
41254,13248.44,,,,
41255,13245.45,,,,
41256,13170.72,,,,
41257,13135.01,,,,
41260,13235.39,,,,
41261,13350.96,,,,
41262,13251.97,,,,
41263,13311.72,,,,
41264,13190.84,,,,
41267,13138.93,,,,
41269,13114.59,,,,
41270,13096.31,,,,
41271,12938.11,,,,
41274,13104.14,,,,
41276,13412.55,,,,
41277,13391.36,,,,
41278,13435.21,,,,
41281,13384.29,,,,
41282,13328.85,,,,
41283,13390.51,,,,
41284,13471.22,,,,
41285,13488.43,,,,
41288,13507.32,,,,
41289,13534.89,,,,
41290,13511.23,,,,
41291,13596.02,,,,
41292,13649.7,,,,
41296,13712.21,,,,
41297,13779.33,,,,
41298,13825.33,,,,
41299,13895.98,,,,
41302,13881.93,,,,
41303,13954.42,,,,
41304,13910.42,,,,
41305,13860.58,,,,
41306,14009.79,,,,
41309,13880.08,,,,
41310,13979.3,,,,
41311,13986.52,,,,
41312,13944.05,,,,
41313,13992.97,,,,
41316,13971.24,,,,
41317,14018.7,,,,
41318,13982.91,,,,
41319,13973.39,,,,
41320,13981.76,,,,
41324,14035.67,,,,
41325,13927.54,,,,
41326,13880.62,,,,
41327,14000.57,,,,
41330,13784.17,,,,
41331,13900.13,,,,
41332,14075.37,,,,
41333,14054.49,,,,
41334,14089.66,,,,
41337,14127.82,,,,
41338,14253.77,,,,
41339,14296.24,,,,
41340,14329.49,,,,
41341,14397.07,,,,
41344,14447.29,,,,
41345,14450.06,,,,
41346,14455.28,,,,
41347,14539.14,,,,
41348,14514.11,,,,
41351,14452.06,,,,
41352,14455.82,,,,
41353,14511.73,,,,
41354,14421.49,,,,
41355,14512.03,,,,
41358,14447.75,,,,
41359,14559.65,,,,
41360,14526.16,,,,
41361,14578.54,,,,
41365,14572.85,,,,
41366,14662.01,,,,
41367,14550.35,,,,
41368,14606.11,,,,
41369,14565.25,,,,
41372,14613.48,,,,
41373,14673.46,,,,
41374,14802.24,,,,
41375,14865.14,,,,
41376,14865.06,,,,
41379,14599.2,,,,
41380,14756.78,,,,
41381,14618.59,,,,
41382,14537.14,,,,
41383,14547.51,,,,
41386,14567.17,,,,
41387,14719.46,,,,
41388,14676.3,,,,
41389,14700.8,,,,
41390,14712.55,,,,
41393,14818.75,,,,
41394,14839.8,,,,
41395,14700.95,,,,
41396,14831.58,,,,
41397,14973.96,,,,
41400,14968.89,,,,
41401,15056.2,,,,
41402,15105.12,,,,
41403,15082.62,,,,
41404,15118.49,,,,
41407,15091.68,,,,
41408,15215.25,,,,
41409,15275.69,,,,
41410,15233.22,,,,
41411,15354.4,,,,
41414,15335.28,,,,
41415,15387.58,,,,
41416,15307.17,,,,
41417,15294.5,,,,
41418,15303.1,,,,
41422,15409.39,,,,
41423,15302.8,,,,
41424,15324.53,,,,
41425,15115.57,,,,
41428,15254.03,,,,
41429,15177.54,,,,
41430,14960.59,,,,
41431,15040.62,,,,
41432,15248.12,,,,
41435,15238.59,,,,
41436,15122.02,,,,
41437,14995.23,,,,
41438,15176.08,,,,
41439,15070.18,,,,
41442,15179.85,,,,
41443,15318.23,,,,
41444,15112.19,,,,
41445,14758.32,,,,
41446,14799.4,,,,
41449,14659.56,,,,
41450,14760.31,,,,
41451,14910.14,,,,
41452,15024.49,,,,
41453,14909.6,,,,
41456,14974.96,,,,
41457,14932.41,,,,
41458,14988.37,,,,
41460,15135.84,,,,
41463,15224.69,,,,
41464,15300.34,,,,
41465,15291.66,,,,
41466,15460.92,,,,
41467,15464.3,,,,
41470,15484.26,,,,
41471,15451.85,,,,
41472,15470.52,,,,
41473,15548.54,,,,
41474,15543.74,,,,
41477,15545.55,,,,
41478,15567.74,,,,
41479,15542.24,,,,
41480,15555.61,,,,
41481,15558.83,,,,
41484,15521.97,,,,
41485,15520.59,,,,
41486,15499.54,,,,
41487,15628.02,,,,
41488,15658.36,,,,
41491,15612.13,,,,
41492,15518.74,,,,
41493,15470.67,,,,
41494,15498.32,,,,
41495,15425.51,,,,
41498,15419.68,,,,
41499,15451.01,,,,
41500,15337.66,,,,
41501,15112.19,,,,
41502,15081.47,,,,
41505,15010.74,,,,
41506,15002.99,,,,
41507,14897.55,,,,
41508,14963.74,,,,
41509,15010.51,,,,
41512,14946.46,,,,
41513,14776.13,,,,
41514,14824.51,,,,
41515,14840.95,,,,
41516,14810.31,,,,
41520,14833.96,,,,
41521,14930.87,,,,
41522,14937.48,,,,
41523,14922.5,,,,
41526,15063.12,,,,
41527,15191.06,,,,
41528,15326.6,,,,
41529,15300.64,,,,
41530,15376.06,,,,
41533,15494.78,,,,
41534,15529.73,,,,
41535,15676.94,,,,
41536,15636.55,,,,
41537,15451.09,,,,
41540,15401.38,,,,
41541,15334.59,,,,
41542,15273.26,,,,
41543,15328.3,,,,
41544,15258.24,,,,
41547,15129.67,,,,
41548,15191.7,,,,
41549,15133.14,,,,
41550,14996.48,,,,
41551,15072.58,,,,
41554,14936.24,,,,
41555,14776.53,,,,
41556,14802.98,,,,
41557,15126.07,,,,
41558,15237.11,,,,
41561,15301.26,,,,
41562,15168.01,,,,
41563,15373.83,,,,
41564,15371.65,,,,
41565,15399.65,,,,
41568,15392.2,,,,
41569,15467.66,,,,
41570,15413.33,,,,
41571,15509.21,,,,
41572,15570.28,,,,
41575,15568.93,,,,
41576,15680.35,,,,
41577,15618.76,,,,
41578,15545.75,,,,
41579,15615.55,,,,
41582,15639.12,,,,
41583,15618.22,,,,
41584,15746.88,,,,
41585,15593.98,,,,
41586,15761.78,,,,
41589,15783.1,,,,
41590,15750.67,,,,
41591,15821.63,,,,
41592,15876.22,,,,
41593,15961.7,,,,
41596,15976.02,,,,
41597,15967.03,,,,
41598,15900.82,,,,
41599,16009.99,,,,
41600,16064.77,,,,
41603,16072.54,,,,
41604,16072.8,,,,
41605,16097.33,,,,
41607,16086.41,,,,
41610,16008.77,,,,
41611,15914.62,,,,
41612,15889.77,,,,
41613,15821.51,,,,
41614,16020.2,,,,
41617,16025.53,,,,
41618,15973.13,,,,
41619,15843.53,,,,
41620,15739.43,,,,
41621,15755.36,,,,
41624,15884.57,,,,
41625,15875.26,,,,
41626,16167.97,,,,
41627,16179.08,,,,
41628,16221.14,,,,
41631,16294.61,,,,
41632,16357.55,,,,
41634,16479.88,,,,
41635,16478.41,,,,
41638,16504.29,,,,
41639,16576.66,,,,
41641,16441.35,,,,
41642,16469.99,,,,
41645,16425.1,,,,
41646,16530.94,,,,
41647,16462.74,,,,
41648,16444.76,,,,
41649,16437.05,,,,
41652,16257.94,,,,
41653,16373.86,,,,
41654,16481.94,,,,
41655,16417.01,,,,
41656,16458.56,,,,
41660,16414.44,,,,
41661,16373.34,,,,
41662,16197.35,,,,
41663,15879.11,,,,
41666,15837.88,,,,
41667,15928.56,,,,
41668,15738.79,,,,
41669,15848.61,,,,
41670,15698.85,,,,
41673,15372.8,,,,
41674,15445.24,,,,
41675,15440.23,,,,
41676,15628.53,,,,
41677,15794.08,,,,
41680,15801.79,,,,
41681,15994.77,,,,
41682,15963.94,,,,
41683,16027.59,,,,
41684,16154.39,,,,
41688,16130.4,,,,
41689,16040.56,,,,
41690,16133.23,,,,
41691,16103.3,,,,
41694,16207.14,,,,
41695,16179.66,,,,
41696,16198.41,,,,
41697,16272.65,,,,
41698,16321.71,,,,
41701,16168.03,,,,
41702,16395.88,,,,
41703,16360.18,,,,
41704,16421.89,,,,
41705,16452.72,,,,
41708,16418.68,,,,
41709,16351.25,,,,
41710,16340.08,,,,
41711,16108.89,,,,
41712,16065.67,,,,
41715,16247.22,,,,
41716,16336.19,,,,
41717,16222.17,,,,
41718,16331.05,,,,
41719,16302.77,,,,
41722,16276.69,,,,
41723,16367.88,,,,
41724,16268.99,,,,
41725,16264.23,,,,
41726,16323.06,,,,
41729,16457.66,,,,
41730,16532.61,,,,
41731,16573,,,,
41732,16572.55,,,,
41733,16412.71,,,,
41736,16245.87,,,,
41737,16256.14,,,,
41738,16437.18,,,,
41739,16170.22,,,,
41740,16026.75,,,,
41743,16173.24,,,,
41744,16262.56,,,,
41745,16424.85,,,,
41746,16408.54,,,,
41750,16449.25,,,,
41751,16514.37,,,,
41752,16501.65,,,,
41753,16501.65,,,,
41754,16361.46,,,,
41757,16448.74,,,,
41758,16535.37,,,,
41759,16580.84,,,,
41760,16558.87,,,,
41761,16512.89,,,,
41764,16530.55,,,,
41765,16401.02,,,,
41766,16518.54,,,,
41767,16550.97,,,,
41768,16583.34,,,,
41771,16695.47,,,,
41772,16715.44,,,,
41773,16613.97,,,,
41774,16446.81,,,,
41775,16491.31,,,,
41778,16511.86,,,,
41779,16374.31,,,,
41780,16533.06,,,,
41781,16543.08,,,,
41782,16606.27,,,,
41786,16675.5,,,,
41787,16633.18,,,,
41788,16698.74,,,,
41789,16717.17,,,,
41792,16743.63,,,,
41793,16722.34,,,,
41794,16737.53,,,,
41795,16836.11,,,,
41796,16924.28,,,,
41799,16943.1,,,,
41800,16945.92,,,,
41801,16843.88,,,,
41802,16734.19,,,,
41803,16775.74,,,,
41806,16781.01,,,,
41807,16808.49,,,,
41808,16906.62,,,,
41809,16921.46,,,,
41810,16947.08,,,,
41813,16937.26,,,,
41814,16818.13,,,,
41815,16867.51,,,,
41816,16846.13,,,,
41817,16851.84,,,,
41820,16826.6,,,,
41821,16956.07,,,,
41822,16976.24,,,,
41823,17068.26,,,,
41827,17024.21,,,,
41828,16906.62,,,,
41829,16985.61,,,,
41830,16915.07,,,,
41831,16943.81,,,,
41834,17055.42,,,,
41835,17060.68,,,,
41836,17138.2,,,,
41837,16976.81,,,,
41838,17100.18,,,,
41841,17051.73,,,,
41842,17113.54,,,,
41843,17086.63,,,,
41844,17083.8,,,,
41845,16960.57,,,,
41848,16982.59,,,,
41849,16912.11,,,,
41850,16880.36,,,,
41851,16563.3,,,,
41852,16493.37,,,,
41855,16569.28,,,,
41856,16429.47,,,,
41857,16443.34,,,,
41858,16368.27,,,,
41859,16553.93,,,,
41862,16569.98,,,,
41863,16560.54,,,,
41864,16651.8,,,,
41865,16713.58,,,,
41866,16662.91,,,,
41869,16838.74,,,,
41870,16919.59,,,,
41871,16979.13,,,,
41872,17039.49,,,,
41873,17001.22,,,,
41876,17076.87,,,,
41877,17106.7,,,,
41878,17122.01,,,,
41879,17079.57,,,,
41880,17098.45,,,,
41884,17067.56,,,,
41885,17078.28,,,,
41886,17069.58,,,,
41887,17137.36,,,,
41890,17111.42,,,,
41891,17013.87,,,,
41892,17068.71,,,,
41893,17049,,,,
41894,16987.51,,,,
41897,17031.14,,,,
41898,17131.97,,,,
41899,17156.85,,,,
41900,17265.99,,,,
41901,17279.74,,,,
41904,17172.68,,,,
41905,17055.87,,,,
41906,17210.06,,,,
41907,16945.8,,,,
41908,17113.15,,,,
41911,17071.22,,,,
41912,17042.9,,,,
41913,16804.71,,,,
41914,16801.05,,,,
41915,17009.69,,,,
41918,16991.91,,,,
41919,16719.39,,,,
41920,16994.22,,,,
41921,16659.25,,,,
41922,16544.1,,,,
41925,16321.07,,,,
41926,16315.19,,,,
41927,16141.74,,,,
41928,16117.24,,,,
41929,16380.41,,,,
41932,16399.67,,,,
41933,16614.81,,,,
41934,16461.32,,,,
41935,16677.9,,,,
41936,16805.41,,,,
41939,16817.94,,,,
41940,17005.75,,,,
41941,16974.31,,,,
41942,17195.42,,,,
41943,17390.52,,,,
41946,17366.24,,,,
41947,17383.84,,,,
41948,17484.53,,,,
41949,17554.47,,,,
41950,17573.93,,,,
41953,17613.74,,,,
41954,17614.9,,,,
41955,17612.2,,,,
41956,17652.79,,,,
41957,17634.74,,,,
41960,17647.75,,,,
41961,17687.82,,,,
41962,17685.73,,,,
41963,17719,,,,
41964,17810.06,,,,
41967,17817.9,,,,
41968,17814.94,,,,
41969,17827.75,,,,
41971,17828.24,,,,
41974,17776.8,,,,
41975,17879.55,,,,
41976,17912.62,,,,
41977,17900.1,,,,
41978,17958.79,,,,
41981,17852.48,,,,
41982,17801.2,,,,
41983,17533.15,,,,
41984,17596.34,,,,
41985,17280.83,,,,
41988,17180.84,,,,
41989,17068.87,,,,
41990,17356.87,,,,
41991,17778.15,,,,
41992,17804.8,,,,
41995,17959.44,,,,
41996,18024.17,,,,
41997,18030.21,,,,
41999,18053.71,,,,
42002,18038.23,,,,
42003,17983.07,,,,
42004,17823.07,,,,
42006,17832.99,,,,
42009,17501.65,,,,
42010,17371.64,,,,
42011,17584.52,,,,
42012,17907.87,,,,
42013,17737.37,,,,
42016,17640.84,,,,
42017,17613.68,,,,
42018,17427.09,,,,
42019,17320.71,,,,
42020,17511.57,,,,
42024,17515.23,,,,
42025,17554.28,,,,
42026,17813.98,,,,
42027,17672.6,,,,
42030,17678.7,,,,
42031,17387.21,,,,
42032,17191.37,,,,
42033,17416.85,,,,
42034,17164.95,,,,
42037,17361.04,,,,
42038,17666.4,,,,
42039,17673.02,,,,
42040,17884.88,,,,
42041,17824.29,,,,
42044,17729.21,,,,
42045,17868.76,,,,
42046,17862.14,,,,
42047,17972.38,,,,
42048,18019.35,,,,
42052,18047.58,,,,
42053,18029.85,,,,
42054,17985.77,,,,
42055,18140.44,,,,
42058,18116.84,,,,
42059,18209.19,,,,
42060,18224.57,,,,
42061,18214.42,,,,
42062,18132.7,,,,
42065,18288.63,,,,
42066,18203.37,,,,
42067,18096.9,,,,
42068,18135.72,,,,
42069,17856.78,,,,
42072,17995.72,,,,
42073,17662.94,,,,
42074,17635.39,,,,
42075,17895.22,,,,
42076,17749.31,,,,
42079,17977.42,,,,
42080,17849.08,,,,
42081,18076.19,,,,
42082,17959.03,,,,
42083,18127.65,,,,
42086,18116.04,,,,
42087,18011.14,,,,
42088,17718.54,,,,
42089,17678.23,,,,
42090,17712.66,,,,
42093,17976.31,,,,
42094,17776.12,,,,
42095,17698.18,,,,
42096,17763.24,,,,
42100,17880.85,,,,
42101,17875.42,,,,
42102,17902.51,,,,
42103,17958.73,,,,
42104,18057.65,,,,
42107,17977.04,,,,
42108,18036.7,,,,
42109,18112.61,,,,
42110,18105.77,,,,
42111,17826.3,,,,
42114,18034.93,,,,
42115,17949.59,,,,
42116,18038.27,,,,
42117,18058.69,,,,
42118,18080.14,,,,
42121,18037.97,,,,
42122,18110.14,,,,
42123,18035.53,,,,
42124,17840.52,,,,
42125,18024.06,,,,
42128,18070.4,,,,
42129,17928.2,,,,
42130,17841.98,,,,
42131,17924.06,,,,
42132,18191.11,,,,
42135,18105.17,,,,
42136,18068.23,,,,
42137,18060.49,,,,
42138,18252.24,,,,
42139,18272.56,,,,
42142,18298.88,,,,
42143,18312.39,,,,
42144,18285.4,,,,
42145,18285.74,,,,
42146,18232.02,,,,
42150,18041.54,,,,
42151,18162.99,,,,
42152,18126.12,,,,
42153,18010.68,,,,
42156,18040.37,,,,
42157,18011.94,,,,
42158,18076.27,,,,
42159,17905.58,,,,
42160,17849.46,,,,
42163,17766.55,,,,
42164,17764.04,,,,
42165,18000.4,,,,
42166,18039.37,,,,
42167,17898.84,,,,
42170,17791.17,,,,
42171,17904.48,,,,
42172,17935.74,,,,
42173,18115.84,,,,
42174,18015.95,,,,
42177,18119.78,,,,
42178,18144.07,,,,
42179,17966.07,,,,
42180,17890.36,,,,
42181,17946.68,,,,
42184,17596.35,,,,
42185,17619.51,,,,
42186,17757.91,,,,
42187,17730.11,,,,
42191,17683.58,,,,
42192,17776.91,,,,
42193,17515.42,,,,
42194,17548.62,,,,
42195,17760.41,,,,
42198,17977.68,,,,
42199,18053.58,,,,
42200,18050.17,,,,
42201,18120.25,,,,
42202,18086.45,,,,
42205,18100.41,,,,
42206,17919.29,,,,
42207,17851.04,,,,
42208,17731.92,,,,
42209,17568.53,,,,
42212,17440.59,,,,
42213,17630.27,,,,
42214,17751.39,,,,
42215,17745.98,,,,
42216,17689.86,,,,
42219,17598.2,,,,
42220,17550.69,,,,
42221,17540.47,,,,
42222,17419.75,,,,
42223,17373.38,,,,
42226,17615.17,,,,
42227,17402.84,,,,
42228,17402.51,,,,
42229,17408.25,,,,
42230,17477.4,,,,
42233,17545.18,,,,
42234,17511.34,,,,
42235,17348.73,,,,
42236,16990.69,,,,
42237,16459.75,,,,
42240,15871.35,,,,
42241,15666.44,,,,
42242,16285.51,,,,
42243,16654.77,,,,
42244,16643.01,,,,
42247,16528.03,,,,
42248,16058.35,,,,
42249,16351.38,,,,
42250,16374.76,,,,
42251,16102.38,,,,
42255,16492.68,,,,
42256,16253.57,,,,
42257,16330.4,,,,
42258,16433.09,,,,
42261,16370.96,,,,
42262,16599.85,,,,
42263,16739.95,,,,
42264,16674.74,,,,
42265,16384.58,,,,
42268,16510.19,,,,
42269,16330.47,,,,
42270,16279.89,,,,
42271,16201.32,,,,
42272,16314.67,,,,
42275,16001.89,,,,
42276,16049.13,,,,
42277,16284.7,,,,
42278,16272.01,,,,
42279,16472.37,,,,
42282,16776.43,,,,
42283,16790.19,,,,
42284,16912.29,,,,
42285,17050.75,,,,
42286,17084.49,,,,
42289,17131.86,,,,
42290,17081.89,,,,
42291,16924.75,,,,
42292,17141.75,,,,
42293,17215.97,,,,
42296,17230.54,,,,
42297,17217.11,,,,
42298,17168.61,,,,
42299,17489.16,,,,
42300,17646.7,,,,
42303,17623.05,,,,
42304,17581.43,,,,
42305,17779.52,,,,
42306,17755.8,,,,
42307,17663.54,,,,
42310,17828.76,,,,
42311,17918.15,,,,
42312,17867.58,,,,
42313,17863.43,,,,
42314,17910.33,,,,
42317,17730.48,,,,
42318,17758.21,,,,
42319,17702.22,,,,
42320,17448.07,,,,
42321,17245.24,,,,
42324,17483.01,,,,
42325,17489.5,,,,
42326,17737.16,,,,
42327,17732.75,,,,
42328,17823.81,,,,
42331,17792.68,,,,
42332,17812.19,,,,
42333,17813.39,,,,
42335,17798.49,,,,
42338,17719.92,,,,
42339,17888.35,,,,
42340,17729.68,,,,
42341,17477.67,,,,
42342,17847.63,,,,
42345,17730.51,,,,
42346,17568,,,,
42347,17492.3,,,,
42348,17574.75,,,,
42349,17265.21,,,,
42352,17368.5,,,,
42353,17524.91,,,,
42354,17749.09,,,,
42355,17495.84,,,,
42356,17128.55,,,,
42359,17251.62,,,,
42360,17417.27,,,,
42361,17602.61,,,,
42362,17552.17,,,,
42366,17528.27,,,,
42367,17720.98,,,,
42368,17603.87,,,,
42369,17425.03,,,,
42373,17148.94,,,,
42374,17158.66,,,,
42375,16906.51,,,,
42376,16514.1,,,,
42377,16346.45,,,,
42380,16398.57,,,,
42381,16516.22,,,,
42382,16151.41,,,,
42383,16379.05,,,,
42384,15988.08,,,,
42388,16016.02,,,,
42389,15766.74,,,,
42390,15882.68,,,,
42391,16093.51,,,,
42394,15885.22,,,,
42395,16167.23,,,,
42396,15944.46,,,,
42397,16069.64,,,,
42398,16466.3,,,,
42401,16449.18,,,,
42402,16153.54,,,,
42403,16336.66,,,,
42404,16416.58,,,,
42405,16204.97,,,,
42408,16027.05,,,,
42409,16014.38,,,,
42410,15914.74,,,,
42411,15660.18,,,,
42412,15973.84,,,,
42416,16196.41,,,,
42417,16453.83,,,,
42418,16413.43,,,,
42419,16391.99,,,,
42422,16620.66,,,,
42423,16431.78,,,,
42424,16484.99,,,,
42425,16697.29,,,,
42426,16639.97,,,,
42429,16516.5,,,,
42430,16865.08,,,,
42431,16899.32,,,,
42432,16943.9,,,,
42433,17006.77,,,,
42436,17073.95,,,,
42437,16964.1,,,,
42438,17000.36,,,,
42439,16995.13,,,,
42440,17213.31,,,,
42443,17229.13,,,,
42444,17251.53,,,,
42445,17325.76,,,,
42446,17481.49,,,,
42447,17602.3,,,,
42450,17623.87,,,,
42451,17582.57,,,,
42452,17502.59,,,,
42453,17515.73,,,,
42457,17535.39,,,,
42458,17633.11,,,,
42459,17716.66,,,,
42460,17685.09,,,,
42461,17792.75,,,,
42464,17737,,,,
42465,17603.32,,,,
42466,17716.05,,,,
42467,17541.96,,,,
42468,17576.96,,,,
42471,17556.41,,,,
42472,17721.25,,,,
42473,17908.28,,,,
42474,17926.43,,,,
42475,17897.46,,,,
42478,18004.16,,,,
42479,18053.6,,,,
42480,18096.27,,,,
42481,17982.52,,,,
42482,18003.75,,,,
42485,17977.24,,,,
42486,17990.32,,,,
42487,18041.55,,,,
42488,17830.76,,,,
42489,17773.64,,,,
42492,17891.16,,,,
42493,17750.91,,,,
42494,17651.26,,,,
42495,17660.71,,,,
42496,17740.63,,,,
42499,17705.91,,,,
42500,17928.35,,,,
42501,17711.12,,,,
42502,17720.5,,,,
42503,17535.32,,,,
42506,17710.71,,,,
42507,17529.98,,,,
42508,17526.62,,,,
42509,17435.4,,,,
42510,17500.94,,,,
42513,17492.93,,,,
42514,17706.05,,,,
42515,17851.51,,,,
42516,17828.29,,,,
42517,17873.22,,,,
42521,17787.2,,,,
42522,17789.67,,,,
42523,17838.56,,,,
42524,17807.06,,,,
42527,17920.33,,,,
42528,17938.28,,,,
42529,18005.05,,,,
42530,17985.19,,,,
42531,17865.34,,,,
42534,17732.48,,,,
42535,17674.82,,,,
42536,17640.17,,,,
42537,17733.1,,,,
42538,17675.16,,,,
42541,17804.87,,,,
42542,17829.73,,,,
42543,17780.83,,,,
42544,18011.07,,,,
42545,17400.75,,,,
42548,17140.24,,,,
42549,17409.72,,,,
42550,17694.68,,,,
42551,17929.99,,,,
42552,17949.37,,,,
42556,17840.62,,,,
42557,17918.62,,,,
42558,17895.88,,,,
42559,18146.74,,,,
42562,18226.93,,,,
42563,18347.67,,,,
42564,18372.12,,,,
42565,18506.41,,,,
42566,18516.55,,,,
42569,18533.05,,,,
42570,18559.01,,,,
42571,18595.03,,,,
42572,18517.23,,,,
42573,18570.85,,,,
42576,18493.06,,,,
42577,18473.75,,,,
42578,18472.17,,,,
42579,18456.35,,,,
42580,18432.24,,,,
42583,18404.51,,,,
42584,18313.77,,,,
42585,18355,,,,
42586,18352.05,,,,
42587,18543.53,,,,
42590,18529.29,,,,
42591,18533.05,,,,
42592,18495.66,,,,
42593,18613.52,,,,
42594,18576.47,,,,
42597,18636.05,,,,
42598,18552.02,,,,
42599,18573.94,,,,
42600,18597.7,,,,
42601,18552.57,,,,
42604,18529.42,,,,
42605,18547.3,,,,
42606,18481.48,,,,
42607,18448.41,,,,
42608,18395.4,,,,
42611,18502.99,,,,
42612,18454.3,,,,
42613,18400.88,,,,
42614,18419.3,,,,
42615,18491.96,,,,
42619,18538.12,,,,
42620,18526.14,,,,
42621,18479.91,,,,
42622,18085.45,,,,
42625,18325.07,,,,
42626,18066.75,,,,
42627,18034.77,,,,
42628,18212.48,,,,
42629,18123.8,,,,
42632,18120.17,,,,
42633,18129.96,,,,
42634,18293.7,,,,
42635,18392.46,,,,
42636,18261.45,,,,
42639,18094.83,,,,
42640,18228.3,,,,
42641,18339.24,,,,
42642,18143.45,,,,
42643,18308.15,,,,
42646,18253.85,,,,
42647,18168.45,,,,
42648,18281.03,,,,
42649,18268.5,,,,
42650,18240.49,,,,
42653,18329.04,,,,
42654,18128.66,,,,
42655,18144.2,,,,
42656,18098.94,,,,
42657,18138.38,,,,
42660,18086.4,,,,
42661,18161.94,,,,
42662,18202.62,,,,
42663,18162.35,,,,
42664,18145.71,,,,
42667,18223.03,,,,
42668,18169.27,,,,
42669,18199.33,,,,
42670,18169.68,,,,
42671,18161.19,,,,
42674,18142.42,,,,
42675,18037.1,,,,
42676,17959.64,,,,
42677,17930.67,,,,
42678,17888.28,,,,
42681,18259.6,,,,
42682,18332.74,,,,
42683,18589.69,,,,
42684,18807.88,,,,
42685,18847.66,,,,
42688,18868.69,,,,
42689,18923.06,,,,
42690,18868.14,,,,
42691,18903.82,,,,
42692,18867.93,,,,
42695,18956.69,,,,
42696,19023.87,,,,
42697,19083.18,,,,
42699,19152.14,,,,
42702,19097.9,,,,
42703,19121.6,,,,
42704,19123.58,,,,
42705,19191.93,,,,
42706,19170.42,,,,
42709,19216.24,,,,
42710,19251.78,,,,
42711,19549.62,,,,
42712,19614.81,,,,
42713,19756.85,,,,
42716,19796.43,,,,
42717,19911.21,,,,
42718,19792.53,,,,
42719,19852.24,,,,
42720,19843.41,,,,
42723,19883.06,,,,
42724,19974.62,,,,
42725,19941.96,,,,
42726,19918.88,,,,
42727,19933.81,,,,
42731,19945.04,,,,
42732,19833.68,,,,
42733,19819.78,,,,
42734,19762.6,,,,
42738,19881.76,,,,
42739,19942.16,,,,
42740,19899.29,,,,
42741,19963.8,,,,
42744,19887.38,,,,
42745,19855.53,,,,
42746,19954.28,,,,
42747,19891,,,,
42748,19885.73,,,,
42752,19826.77,,,,
42753,19804.72,,,,
42754,19732.4,,,,
42755,19827.25,,,,
42758,19799.85,,,,
42759,19912.71,,,,
42760,20068.51,,,,
42761,20100.91,,,,
42762,20093.78,,,,
42765,19971.13,,,,
42766,19864.09,,,,
42767,19890.94,,,,
42768,19884.91,,,,
42769,20071.46,,,,
42772,20052.42,,,,
42773,20090.29,,,,
42774,20054.34,,,,
42775,20172.4,,,,
42776,20269.37,,,,
42779,20412.16,,,,
42780,20504.41,,,,
42781,20611.86,,,,
42782,20619.77,,,,
42783,20624.05,,,,
42787,20743,,,,
42788,20775.6,,,,
42789,20810.32,,,,
42790,20821.76,,,,
42793,20837.44,,,,
42794,20812.24,,,,
42795,21115.55,,,,
42796,21002.97,,,,
42797,21005.71,,,,
42800,20954.34,,,,
42801,20924.76,,,,
42802,20855.73,,,,
42803,20858.19,,,,
42804,20902.98,,,,
42807,20881.48,,,,
42808,20837.37,,,,
42809,20950.1,,,,
42810,20934.55,,,,
42811,20914.62,,,,
42814,20905.86,,,,
42815,20668.01,,,,
42816,20661.3,,,,
42817,20656.58,,,,
42818,20596.72,,,,
42821,20550.98,,,,
42822,20701.5,,,,
42823,20659.32,,,,
42824,20728.49,,,,
42825,20663.22,,,,
42828,20650.21,,,,
42829,20689.24,,,,
42830,20648.15,,,,
42831,20662.95,,,,
42832,20656.1,,,,
42835,20658.02,,,,
42836,20651.3,,,,
42837,20591.86,,,,
42838,20453.25,,,,
42842,20636.92,,,,
42843,20523.28,,,,
42844,20404.49,,,,
42845,20578.71,,,,
42846,20547.76,,,,
42849,20763.89,,,,
42850,20996.12,,,,
42851,20975.09,,,,
42852,20981.33,,,,
42853,20940.51,,,,
42856,20913.46,,,,
42857,20949.89,,,,
42858,20957.9,,,,
42859,20951.47,,,,
42860,21006.94,,,,
42863,21012.28,,,,
42864,20975.78,,,,
42865,20943.11,,,,
42866,20919.42,,,,
42867,20896.61,,,,
42870,20981.94,,,,
42871,20979.75,,,,
42872,20606.93,,,,
42873,20663.02,,,,
42874,20804.84,,,,
42877,20894.83,,,,
42878,20937.91,,,,
42879,21012.42,,,,
42880,21082.95,,,,
42881,21080.28,,,,
42885,21029.47,,,,
42886,21008.65,,,,
42887,21144.18,,,,
42888,21206.29,,,,
42891,21184.04,,,,
42892,21136.23,,,,
42893,21173.69,,,,
42894,21182.53,,,,
42895,21271.97,,,,
42898,21235.67,,,,
42899,21328.47,,,,
42900,21374.56,,,,
42901,21359.9,,,,
42902,21384.28,,,,
42905,21528.99,,,,
42906,21467.14,,,,
42907,21410.03,,,,
42908,21397.29,,,,
42909,21394.76,,,,
42912,21409.55,,,,
42913,21310.66,,,,
42914,21454.61,,,,
42915,21287.03,,,,
42916,21349.63,,,,
42919,21479.27,,,,
42921,21478.17,,,,
42922,21320.04,,,,
42923,21414.34,,,,
42926,21408.52,,,,
42927,21409.07,,,,
42928,21532.14,,,,
42929,21553.09,,,,
42930,21637.74,,,,
42933,21629.72,,,,
42934,21574.73,,,,
42935,21640.75,,,,
42936,21611.78,,,,
42937,21580.07,,,,
42940,21513.17,,,,
42941,21613.43,,,,
42942,21711.01,,,,
42943,21796.55,,,,
42944,21830.31,,,,
42947,21891.12,,,,
42948,21963.92,,,,
42949,22016.24,,,,
42950,22026.1,,,,
42951,22092.81,,,,
42954,22118.42,,,,
42955,22085.34,,,,
42956,22048.7,,,,
42957,21844.01,,,,
42958,21858.32,,,,
42961,21993.71,,,,
42962,21998.99,,,,
42963,22024.87,,,,
42964,21750.73,,,,
42965,21674.51,,,,
42968,21703.75,,,,
42969,21899.89,,,,
42970,21812.09,,,,
42971,21783.4,,,,
42972,21813.67,,,,
42975,21808.4,,,,
42976,21865.37,,,,
42977,21892.43,,,,
42978,21948.1,,,,
42979,21987.56,,,,
42983,21753.31,,,,
42984,21807.64,,,,
42985,21784.78,,,,
42986,21797.79,,,,
42989,22057.37,,,,
42990,22118.86,,,,
42991,22158.18,,,,
42992,22203.48,,,,
42993,22268.34,,,,
42996,22331.35,,,,
42997,22370.8,,,,
42998,22412.59,,,,
42999,22359.23,,,,
43000,22349.59,,,,
43003,22296.09,,,,
43004,22284.32,,,,
43005,22340.71,,,,
43006,22381.2,,,,
43007,22405.09,,,,
43010,22557.6,,,,
43011,22641.67,,,,
43012,22661.64,,,,
43013,22775.39,,,,
43014,22773.67,,,,
43017,22761.07,,,,
43018,22830.68,,,,
43019,22872.89,,,,
43020,22841.01,,,,
43021,22871.72,,,,
43024,22956.96,,,,
43025,22997.44,,,,
43026,23157.6,,,,
43027,23163.04,,,,
43028,23328.63,,,,
43031,23273.96,,,,
43032,23441.76,,,,
43033,23329.46,,,,
43034,23400.86,,,,
43035,23434.19,,,,
43038,23348.74,,,,
43039,23377.24,,,,
43040,23435.01,,,,
43041,23516.26,,,,
43042,23539.19,,,,
43045,23548.42,,,,
43046,23557.23,,,,
43047,23563.36,,,,
43048,23461.94,,,,
43049,23422.21,,,,
43052,23439.7,,,,
43053,23409.47,,,,
43054,23271.28,,,,
43055,23458.36,,,,
43056,23358.24,,,,
43059,23430.33,,,,
43060,23590.83,,,,
43061,23526.18,,,,
43063,23557.99,,,,
43066,23580.78,,,,
43067,23836.71,,,,
43068,23940.68,,,,
43069,24272.35,,,,
43070,24231.59,,,,
43073,24290.05,,,,
43074,24180.64,,,,
43075,24140.91,,,,
43076,24211.48,,,,
43077,24329.16,,,,
43080,24386.03,,,,
43081,24504.8,,,,
43082,24585.43,,,,
43083,24508.66,,,,
43084,24651.74,,,,
43087,24792.2,,,,
43088,24754.75,,,,
43089,24726.65,,,,
43090,24782.29,,,,
43091,24754.06,,,,
43095,24746.21,,,,
43096,24774.3,,,,
43097,24837.51,,,,
43098,24719.22,,,,
43102,24824.01,,,,
43103,24922.68,,,,
43104,25075.13,,,,
43105,25295.87,,,,
43108,25283,,,,
43109,25385.8,,,,
43110,25369.13,,,,
43111,25574.73,,,,
43112,25803.19,,,,
43116,25792.86,,,,
43117,26115.65,,,,
43118,26017.81,,,,
43119,26071.72,,,,
43122,26214.6,,,,
43123,26210.81,,,,
43124,26252.12,,,,
43125,26392.79,,,,
43126,26616.71,,,,
43129,26439.48,,,,
43130,26076.89,,,,
43131,26149.39,,,,
43132,26186.71,,,,
43133,25520.96,,,,
43136,24345.75,,,,
43137,24912.77,,,,
43138,24893.35,,,,
43139,23860.46,,,,
43140,24190.9,,,,
43143,24601.27,,,,
43144,24640.45,,,,
43145,24893.49,,,,
43146,25200.37,,,,
43147,25219.38,,,,
43151,24964.75,,,,
43152,24797.78,,,,
43153,24962.48,,,,
43154,25309.99,,,,
43157,25709.27,,,,
43158,25410.03,,,,
43159,25029.2,,,,
43160,24608.98,,,,
43161,24538.06,,,,
43164,24874.76,,,,
43165,24884.12,,,,
43166,24801.36,,,,
43167,24895.21,,,,
43168,25335.74,,,,
43171,25178.61,,,,
43172,25007.03,,,,
43173,24758.12,,,,
43174,24873.66,,,,
43175,24946.51,,,,
43178,24610.91,,,,
43179,24727.27,,,,
43180,24682.31,,,,
43181,23957.89,,,,
43182,23533.2,,,,
43185,24202.6,,,,
43186,23857.71,,,,
43187,23848.42,,,,
43188,24103.11,,,,
43192,23644.19,,,,
43193,24033.36,,,,
43194,24264.3,,,,
43195,24505.22,,,,
43196,23932.76,,,,
43199,23979.1,,,,
43200,24408,,,,
43201,24189.45,,,,
43202,24483.05,,,,
43203,24360.14,,,,
43206,24573.04,,,,
43207,24786.63,,,,
43208,24748.07,,,,
43209,24664.89,,,,
43210,24462.94,,,,
43213,24448.69,,,,
43214,24024.13,,,,
43215,24083.83,,,,
43216,24322.34,,,,
43217,24311.19,,,,
43220,24163.15,,,,
43221,24099.05,,,,
43222,23924.98,,,,
43223,23930.15,,,,
43224,24262.51,,,,
43227,24357.32,,,,
43228,24360.21,,,,
43229,24542.54,,,,
43230,24739.53,,,,
43231,24831.17,,,,
43234,24899.41,,,,
43235,24706.41,,,,
43236,24768.93,,,,
43237,24713.98,,,,
43238,24715.09,,,,
43241,25013.29,,,,
43242,24834.41,,,,
43243,24886.81,,,,
43244,24811.76,,,,
43245,24753.09,,,,
43249,24361.45,,,,
43250,24667.78,,,,
43251,24415.84,,,,
43252,24635.21,,,,
43255,24813.69,,,,
43256,24799.98,,,,
43257,25146.39,,,,
43258,25241.41,,,,
43259,25316.53,,,,
43262,25322.31,,,,
43263,25320.73,,,,
43264,25201.2,,,,
43265,25175.31,,,,
43266,25090.48,,,,
43269,24987.47,,,,
43270,24700.21,,,,
43271,24657.8,,,,
43272,24461.7,,,,
43273,24580.89,,,,
43276,24252.8,,,,
43277,24283.11,,,,
43278,24117.59,,,,
43279,24216.05,,,,
43280,24271.41,,,,
43283,24307.18,,,,
43284,24174.82,,,,
43286,24356.74,,,,
43287,24456.48,,,,
43290,24776.59,,,,
43291,24919.66,,,,
43292,24700.45,,,,
43293,24924.89,,,,
43294,25019.41,,,,
43297,25064.36,,,,
43298,25119.89,,,,
43299,25199.29,,,,
43300,25064.5,,,,
43301,25058.12,,,,
43304,25044.29,,,,
43305,25241.94,,,,
43306,25414.1,,,,
43307,25527.07,,,,
43308,25451.06,,,,
43311,25306.83,,,,
43312,25415.19,,,,
43313,25333.82,,,,
43314,25326.16,,,,
43315,25462.58,,,,
43318,25502.18,,,,
43319,25628.91,,,,
43320,25583.75,,,,
43321,25509.23,,,,
43322,25313.14,,,,
43325,25187.7,,,,
43326,25299.92,,,,
43327,25162.41,,,,
43328,25558.73,,,,
43329,25669.32,,,,
43332,25758.69,,,,
43333,25822.29,,,,
43334,25733.6,,,,
43335,25656.98,,,,
43336,25790.35,,,,
43339,26049.64,,,,
43340,26064.02,,,,
43341,26124.57,,,,
43342,25986.92,,,,
43343,25964.82,,,,
43347,25952.48,,,,
43348,25974.99,,,,
43349,25995.87,,,,
43350,25916.54,,,,
43353,25857.07,,,,
43354,25971.06,,,,
43355,25998.92,,,,
43356,26145.99,,,,
43357,26154.67,,,,
43360,26062.12,,,,
43361,26246.96,,,,
43362,26405.76,,,,
43363,26656.98,,,,
43364,26743.5,,,,
43367,26562.05,,,,
43368,26492.21,,,,
43369,26385.28,,,,
43370,26439.93,,,,
43371,26458.31,,,,
43374,26651.21,,,,
43375,26773.94,,,,
43376,26828.39,,,,
43377,26627.48,,,,
43378,26447.05,,,,
43382,26430.57,,,,
43383,25598.74,,,,
43384,25052.83,,,,
43385,25339.99,,,,
43388,25250.55,,,,
43389,25798.42,,,,
43390,25706.68,,,,
43391,25379.45,,,,
43392,25444.34,,,,
43395,25317.41,,,,
43396,25191.43,,,,
43397,24583.42,,,,
43398,24984.55,,,,
43399,24688.31,,,,
43402,24442.92,,,,
43403,24874.64,,,,
43404,25115.76,,,,
43405,25380.74,,,,
43406,25270.83,,,,
43409,25461.7,,,,
43410,25635.01,,,,
43411,26180.3,,,,
43412,26191.22,,,,
43413,25989.3,,,,
43417,25286.49,,,,
43418,25080.5,,,,
43419,25289.27,,,,
43420,25413.22,,,,
43423,25017.44,,,,
43424,24465.64,,,,
43425,24464.69,,,,
43427,24285.95,,,,
43430,24640.24,,,,
43431,24748.73,,,,
43432,25366.43,,,,
43433,25338.84,,,,
43434,25538.46,,,,
43437,25826.43,,,,
43438,25027.07,,,,
43440,24947.67,,,,
43441,24388.95,,,,
43444,24423.26,,,,
43445,24370.24,,,,
43446,24527.27,,,,
43447,24597.38,,,,
43448,24100.51,,,,
43451,23592.98,,,,
43452,23675.64,,,,
43453,23323.66,,,,
43454,22859.6,,,,
43455,22445.37,,,,
43458,21792.2,,,,
43460,22878.45,,,,
43461,23138.82,,,,
43462,23062.4,,,,
43465,23327.46,,,,
43467,23346.24,,,,
43468,22686.22,,,,
43469,23433.16,,,,
43472,23531.35,,,,
43473,23787.45,,,,
43474,23879.12,,,,
43475,24001.92,,,,
43476,23995.95,,,,
43479,23909.84,,,,
43480,24065.59,,,,
43481,24207.16,,,,
43482,24370.1,,,,
43483,24706.35,,,,
43487,24404.48,,,,
43488,24575.62,,,,
43489,24553.24,,,,
43490,24737.2,,,,
43493,24528.22,,,,
43494,24579.96,,,,
43495,25014.86,,,,
43496,24999.67,,,,
43497,25063.89,,,,
43500,25239.37,,,,
43501,25411.52,,,,
43502,25390.3,,,,
43503,25169.53,,,,
43504,25106.33,,,,
43507,25053.11,,,,
43508,25425.76,,,,
43509,25543.27,,,,
43510,25439.39,,,,
43511,25883.25,,,,
43515,25891.32,,,,
43516,25954.44,,,,
43517,25850.63,,,,
43518,26031.81,,,,
43521,26091.95,,,,
43522,26057.98,,,,
43523,25985.16,,,,
43524,25916,,,,
43525,26026.32,,,,
43528,25819.65,,,,
43529,25806.63,,,,
43530,25673.46,,,,
43531,25473.23,,,,
43532,25450.24,,,,
43535,25650.88,,,,
43536,25554.66,,,,
43537,25702.89,,,,
43538,25709.94,,,,
43539,25848.87,,,,
43542,25914.1,,,,
43543,25887.38,,,,
43544,25745.67,,,,
43545,25962.51,,,,
43546,25502.32,,,,
43549,25516.83,,,,
43550,25657.73,,,,
43551,25625.59,,,,
43552,25717.46,,,,
43553,25928.68,,,,
43556,26258.42,,,,
43557,26179.13,,,,
43558,26218.13,,,,
43559,26384.63,,,,
43560,26424.99,,,,
43563,26341.02,,,,
43564,26150.58,,,,
43565,26157.16,,,,
43566,26143.05,,,,
43567,26412.3,,,,
43570,26384.77,,,,
43571,26452.66,,,,
43572,26449.54,,,,
43573,26559.54,,,,
43577,26511.05,,,,
43578,26656.39,,,,
43579,26597.05,,,,
43580,26462.08,,,,
43581,26543.33,,,,
43584,26554.39,,,,
43585,26592.91,,,,
43586,26430.14,,,,
43587,26307.79,,,,
43588,26504.95,,,,
43591,26438.48,,,,
43592,25965.09,,,,
43593,25967.33,,,,
43594,25828.36,,,,
43595,25942.37,,,,
43598,25324.99,,,,
43599,25532.05,,,,
43600,25648.02,,,,
43601,25862.68,,,,
43602,25764,,,,
43605,25679.9,,,,
43606,25877.33,,,,
43607,25776.61,,,,
43608,25490.47,,,,
43609,25585.69,,,,
43613,25347.77,,,,
43614,25126.41,,,,
43615,25169.88,,,,
43616,24815.04,,,,
43619,24819.78,,,,
43620,25332.18,,,,
43621,25539.57,,,,
43622,25720.66,,,,
43623,25983.94,,,,
43626,26062.68,,,,
43627,26048.51,,,,
43628,26004.83,,,,
43629,26106.77,,,,
43630,26089.61,,,,
43633,26112.53,,,,
43634,26465.54,,,,
43635,26504,,,,
43636,26753.17,,,,
43637,26719.13,,,,
43640,26727.54,,,,
43641,26548.22,,,,
43642,26536.82,,,,
43643,26526.58,,,,
43644,26599.96,,,,
43647,26717.43,,,,
43648,26786.68,,,,
43649,26966,,,,
43651,26922.12,,,,
43654,26806.14,,,,
43655,26783.49,,,,
43656,26860.2,,,,
43657,27088.08,,,,
43658,27332.03,,,,
43661,27359.16,,,,
43662,27335.63,,,,
43663,27219.85,,,,
43664,27222.97,,,,
43665,27154.2,,,,
43668,27171.9,,,,
43669,27349.19,,,,
43670,27269.97,,,,
43671,27140.98,,,,
43672,27192.45,,,,
43675,27221.35,,,,
43676,27198.02,,,,
43677,26864.27,,,,
43678,26583.42,,,,
43679,26485.01,,,,
43682,25717.74,,,,
43683,26029.52,,,,
43684,26007.07,,,,
43685,26378.19,,,,
43686,26287.44,,,,
43689,25897.71,,,,
43690,26279.91,,,,
43691,25479.42,,,,
43692,25579.39,,,,
43693,25886.01,,,,
43696,26135.79,,,,
43697,25962.44,,,,
43698,26202.73,,,,
43699,26252.24,,,,
43700,25628.9,,,,
43703,25898.83,,,,
43704,25777.9,,,,
43705,26036.1,,,,
43706,26362.25,,,,
43707,26403.28,,,,
43711,26118.02,,,,
43712,26355.47,,,,
43713,26728.15,,,,
43714,26797.46,,,,
43717,26835.51,,,,
43718,26909.43,,,,
43719,27137.04,,,,
43720,27182.45,,,,
43721,27219.52,,,,
43724,27076.82,,,,
43725,27110.8,,,,
43726,27147.08,,,,
43727,27094.79,,,,
43728,26935.07,,,,
43731,26949.99,,,,
43732,26807.77,,,,
43733,26970.71,,,,
43734,26891.12,,,,
43735,26820.25,,,,
43738,26916.83,,,,
43739,26573.04,,,,
43740,26078.62,,,,
43741,26201.04,,,,
43742,26573.72,,,,
43745,26478.02,,,,
43746,26164.04,,,,
43747,26346.01,,,,
43748,26496.67,,,,
43749,26816.59,,,,
43752,26787.36,,,,
43753,27024.8,,,,
43754,27001.98,,,,
43755,27025.88,,,,
43756,26770.2,,,,
43759,26827.64,,,,
43760,26788.1,,,,
43761,26833.95,,,,
43762,26805.53,,,,
43763,26958.06,,,,
43766,27090.72,,,,
43767,27071.42,,,,
43768,27186.69,,,,
43769,27046.23,,,,
43770,27347.36,,,,
43773,27462.11,,,,
43774,27492.63,,,,
43775,27492.56,,,,
43776,27674.8,,,,
43777,27681.24,,,,
43780,27691.49,,,,
43781,27691.49,,,,
43782,27783.59,,,,
43783,27781.96,,,,
43784,28004.89,,,,
43787,28036.22,,,,
43788,27934.02,,,,
43789,27821.09,,,,
43790,27766.29,,,,
43791,27875.62,,,,
43794,28066.47,,,,
43795,28121.68,,,,
43796,28164,,,,
43798,28051.41,,,,
43801,27783.04,,,,
43802,27502.81,,,,
43803,27649.78,,,,
43804,27677.79,,,,
43805,28015.06,,,,
43808,27909.6,,,,
43809,27881.72,,,,
43810,27911.3,,,,
43811,28132.05,,,,
43812,28135.38,,,,
43815,28235.89,,,,
43816,28267.16,,,,
43817,28239.28,,,,
43818,28376.96,,,,
43819,28455.09,,,,
43822,28551.53,,,,
43823,28515.45,,,,
43825,28621.39,,,,
43826,28645.26,,,,
43829,28462.14,,,,
43830,28538.44,,,,
43832,28868.8,,,,
43833,28634.88,,,,
43836,28703.38,,,,
43837,28583.68,,,,
43838,28745.09,,,,
43839,28956.9,,,,
43840,28823.77,,,,
43843,28907.05,,,,
43844,28939.67,,,,
43845,29030.22,,,,
43846,29297.64,,,,
43847,29348.1,,,,
43851,29196.04,,,,
43852,29186.27,,,,
43853,29160.09,,,,
43854,28989.73,,,,
43857,28535.8,,,,
43858,28722.85,,,,
43859,28734.45,,,,
43860,28859.44,,,,
43861,28256.03,,,,
43864,28399.81,,,,
43865,28807.63,,,,
43866,29290.85,,,,
43867,29379.77,,,,
43868,29102.51,,,,
43871,29276.82,,,,
43872,29276.34,,,,
43873,29551.42,,,,
43874,29423.31,,,,
43875,29398.08,,,,
43879,29232.19,,,,
43880,29348.03,,,,
43881,29219.98,,,,
43882,28992.41,,,,
43885,27960.8,,,,
43886,27081.36,,,,
43887,26957.59,,,,
43888,25766.64,,,,
43889,25409.36,,,,
43892,26703.32,,,,
43893,25917.41,,,,
43894,27090.86,,,,
43895,26121.28,,,,
43896,25864.78,,,,
43899,23851.02,,,,
43900,25018.16,,,,
43901,23553.22,,,,
43902,21200.62,,,,
43903,23185.62,,,,
43906,20188.52,,,,
43907,21237.38,,,,
43908,19898.92,,,,
43909,20087.19,,,,
43910,19173.98,,,,
43913,18591.93,,,,
43914,20704.91,,,,
43915,21200.55,,,,
43916,22552.17,,,,
43917,21636.78,,,,
43920,22327.48,,,,
43921,21917.16,,,,
43922,20943.51,,,,
43923,21413.44,,,,
43924,21052.53,,,,
43927,22679.99,,,,
43928,22653.86,,,,
43929,23433.57,,,,
43930,23719.37,,,,
43934,23390.77,,,,
43935,23949.76,,,,
43936,23504.35,,,,
43937,23537.68,,,,
43938,24242.49,,,,
43941,23650.44,,,,
43942,23018.88,,,,
43943,23475.82,,,,
43944,23515.26,,,,
43945,23775.27,,,,
43948,24133.78,,,,
43949,24101.55,,,,
43950,24633.86,,,,
43951,24345.72,,,,
43952,23723.69,,,,
43955,23749.76,,,,
43956,23883.09,,,,
43957,23664.64,,,,
43958,23875.89,,,,
43959,24331.32,,,,
43962,24221.99,,,,
43963,23764.78,,,,
43964,23247.97,,,,
43965,23625.34,,,,
43966,23685.42,,,,
43969,24597.37,,,,
43970,24206.86,,,,
43971,24575.9,,,,
43972,24474.12,,,,
43973,24465.16,,,,
43977,24995.11,,,,
43978,25548.27,,,,
43979,25400.64,,,,
43980,25383.11,,,,
43983,25475.02,,,,
43984,25742.65,,,,
43985,26269.89,,,,
43986,26281.82,,,,
43987,27110.98,,,,
43990,27572.44,,,,
43991,27272.3,,,,
43992,26989.99,,,,
43993,25128.17,,,,
43994,25605.54,,,,
43997,25763.16,,,,
43998,26289.98,,,,
43999,26119.61,,,,
44000,26080.1,,,,
44001,25871.46,,,,
44004,26024.96,,,,
44005,26156.1,,,,
44006,25445.94,,,,
44007,25745.6,,,,
44008,25015.55,,,,
44011,25595.8,,,,
44012,25812.88,,,,
44013,25734.97,,,,
44014,25827.36,,,,
44018,26287.03,,,,
44019,25890.18,,,,
44020,26067.28,,,,
44021,25706.09,,,,
44022,26075.3,,,,
44025,26085.8,,,,
44026,26642.59,,,,
44027,26870.1,,,,
44028,26734.71,,,,
44029,26671.95,,,,
44032,26680.87,,,,
44033,26840.4,,,,
44034,27005.84,,,,
44035,26652.33,,,,
44036,26469.89,,,,
44039,26584.77,,,,
44040,26379.28,,,,
44041,26539.57,,,,
44042,26313.65,,,,
44043,26428.32,,,,
44046,26664.4,,,,
44047,26828.47,,,,
44048,27201.52,,,,
44049,27386.98,,,,
44050,27433.48,,,,
44053,27791.44,,,,
44054,27686.91,,,,
44055,27976.84,,,,
44056,27896.72,,,,
44057,27931.02,,,,
44060,27844.91,,,,
44061,27778.07,,,,
44062,27692.88,,,,
44063,27739.73,,,,
44064,27930.33,,,,
44067,28308.46,,,,
44068,28248.44,,,,
44069,28331.92,,,,
44070,28492.27,,,,
44071,28653.87,,,,
44074,28430.05,,,,
44075,28645.66,,,,
44076,29100.5,,,,
44077,28292.73,,,,
44078,28133.31,,,,
44082,27500.89,,,,
44083,27940.47,,,,
44084,27534.58,,,,
44085,27665.64,,,,
44088,27993.33,,,,
44089,27995.6,,,,
44090,28032.38,,,,
44091,27901.98,,,,
44092,27657.42,,,,
44095,27147.7,,,,
44096,27288.18,,,,
44097,26763.13,,,,
44098,26815.44,,,,
44099,27173.96,,,,
44102,27584.06,,,,
44103,27452.66,,,,
44104,27781.7,,,,
44105,27816.9,,,,
44106,27682.81,,,,
44109,28148.64,,,,
44110,27772.76,,,,
44111,28303.46,,,,
44112,28425.51,,,,
44113,28586.9,,,,
44116,28837.52,,,,
44117,28679.81,,,,
44118,28514,,,,
44119,28494.2,,,,
44120,28606.31,,,,
44123,28195.42,,,,
44124,28308.79,,,,
44125,28210.82,,,,
44126,28363.66,,,,
44127,28335.57,,,,
44130,27685.38,,,,
44131,27463.19,,,,
44132,26519.95,,,,
44133,26659.11,,,,
44134,26501.6,,,,
44137,26925.05,,,,
44138,27480.03,,,,
44139,27847.66,,,,
44140,28390.18,,,,
44141,28323.4,,,,
44144,29157.97,,,,
44145,29420.92,,,,
44146,29397.63,,,,
44147,29080.17,,,,
44148,29479.81,,,,
44151,29950.44,,,,
44152,29783.35,,,,
44153,29438.42,,,,
44154,29483.23,,,,
44155,29263.48,,,,
44158,29591.27,,,,
44159,30046.24,,,,
44160,29872.47,,,,
44162,29910.37,,,,
44165,29638.64,,,,
44166,29823.92,,,,
44167,29883.79,,,,
44168,29969.52,,,,
44169,30218.26,,,,
44172,30069.79,,,,
44173,30173.88,,,,
44174,30068.81,,,,
44175,29999.26,,,,
44176,30046.37,,,,
44179,29861.55,,,,
44180,30199.31,,,,
44181,30154.54,,,,
44182,30303.37,,,,
44183,30179.05,,,,
44186,30216.45,,,,
44187,30015.51,,,,
44188,30129.83,,,,
44189,30199.87,,,,
44193,30403.97,,,,
44194,30335.67,,,,
44195,30409.56,,,,
44196,30606.48,,,,
44200,30223.89,,,,
44201,30391.6,,,,
44202,30829.4,,,,
44203,31041.13,,,,
44204,31097.97,,,,
44207,31008.69,,,,
44208,31068.69,,,,
44209,31060.47,,,,
44210,30991.52,,,,
44211,30814.26,,,,
44215,30930.52,,,,
44216,31188.38,,,,
44217,31176.01,,,,
44218,30996.98,,,,
44221,30960,,,,
44222,30937.04,,,,
44223,30303.17,,,,
44224,30603.36,,,,
44225,29982.62,,,,
44228,30211.91,,,,
44229,30687.48,,,,
44230,30723.6,,,,
44231,31055.86,,,,
44232,31148.24,,,,
44235,31385.76,,,,
44236,31375.83,,,,
44237,31437.8,,,,
44238,31430.7,,,,
44239,31458.4,,,,
44243,31522.75,,,,
44244,31613.02,,,,
44245,31493.34,,,,
44246,31494.32,,,,
44249,31521.69,,,,
44250,31537.35,,,,
44251,31961.86,,,,
44252,31402.01,,,,
44253,30932.37,,,,
44256,31535.51,,,,
44257,31391.52,,,,
44258,31270.09,,,,
44259,30924.14,,,,
44260,31496.3,,,,
44263,31802.44,,,,
44264,31832.74,,,,
44265,32297.02,,,,
44266,32485.59,,,,
44267,32778.64,,,,
44270,32953.46,,,,
44271,32825.95,,,,
44272,33015.37,,,,
44273,32862.3,,,,
44274,32627.97,,,,
44277,32731.2,,,,
44278,32423.15,,,,
44279,32420.06,,,,
44280,32619.48,,,,
44281,33072.88,,,,
44284,33171.37,,,,
44285,33066.96,,,,
44286,32981.55,,,,
44287,33153.21,,,,
44291,33527.19,,,,
44292,33430.24,,,,
44293,33446.26,,,,
44294,33503.57,,,,
44295,33800.6,,,,
44298,33745.4,,,,
44299,33677.27,,,,
44300,33730.89,,,,
44301,34035.99,,,,
44302,34200.67,,,,
44305,34077.63,,,,
44306,33821.3,,,,
44307,34137.31,,,,
44308,33815.9,,,,
44309,34043.49,,,,
44312,33981.57,,,,
44313,33984.93,,,,
44314,33820.38,,,,
44315,34060.36,,,,
44316,33874.85,,,,
44319,34113.23,,,,
44320,34133.03,,,,
44321,34230.34,,,,
44322,34548.53,,,,
44323,34777.76,,,,
44326,34742.82,,,,
44327,34269.16,,,,
44328,33587.66,,,,
44329,34021.45,,,,
44330,34382.13,,,,
44333,34327.79,,,,
44334,34060.66,,,,
44335,33896.04,,,,
44336,34084.15,,,,
44337,34207.84,,,,
44340,34393.98,,,,
44341,34312.46,,,,
44342,34323.05,,,,
44343,34464.64,,,,
44344,34529.45,,,,
44348,34575.31,,,,
44349,34600.38,,,,
44350,34577.04,,,,
44351,34756.39,,,,
44354,34630.24,,,,
44355,34599.82,,,,
44356,34447.14,,,,
44357,34466.24,,,,
44358,34479.6,,,,
44361,34393.75,,,,
44362,34299.33,,,,
44363,34033.67,,,,
44364,33823.45,,,,
44365,33290.08,,,,
44368,33876.97,,,,
44369,33945.58,,,,
44370,33874.24,,,,
44371,34196.82,,,,
44372,34433.84,,,,
44375,34283.27,,,,
44376,34292.29,,,,
44377,34502.51,,,,
44378,34633.53,,,,
44379,34786.35,,,,
44383,34577.37,,,,
44384,34681.79,,,,
44385,34421.93,,,,
44386,34870.16,,,,
44389,34996.18,,,,
44390,34888.79,,,,
44391,34933.23,,,,
44392,34987.02,,,,
44393,34687.85,,,,
44396,33962.04,,,,
44397,34511.99,,,,
44398,34798,,,,
44399,34823.35,,,,
44400,35061.55,,,,
44403,35144.31,,,,
44404,35058.52,,,,
44405,34930.93,,,,
44406,35084.53,,,,
44407,34935.47,,,,
44410,34838.16,,,,
44411,35116.4,,,,
44412,34792.67,,,,
44413,35064.25,,,,
44414,35208.51,,,,
44417,35101.85,,,,
44418,35264.67,,,,
44419,35484.97,,,,
44420,35499.85,,,,
44421,35515.38,,,,
44424,35625.4,,,,
44425,35343.28,,,,
44426,34960.69,,,,
44427,34894.12,,,,
44428,35120.08,,,,
44431,35335.71,,,,
44432,35366.26,,,,
44433,35405.5,,,,
44434,35213.12,,,,
44435,35455.8,,,,
44438,35399.84,,,,
44439,35360.73,,,,
44440,35312.53,,,,
44441,35443.82,,,,
44442,35369.09,,,,
44446,35100,,,,
44447,35031.07,,,,
44448,34879.38,,,,
44449,34607.72,,,,
44452,34869.63,,,,
44453,34577.57,,,,
44454,34814.39,,,,
44455,34751.32,,,,
44456,34584.88,,,,
44459,33970.47,,,,
44460,33919.84,,,,
44461,34258.32,,,,
44462,34764.82,,,,
44463,34798,,,,
44466,34869.37,,,,
44467,34299.99,,,,
44468,34390.72,,,,
44469,33843.92,,,,
44470,34326.46,,,,
44473,34002.92,,,,
44474,34314.67,,,,
44475,34416.99,,,,
44476,34754.94,,,,
44477,34746.25,,,,
44480,34496.06,,,,
44481,34378.34,,,,
44482,34377.81,,,,
44483,34912.56,,,,
44484,35294.76,,,,
44487,35258.61,,,,
44488,35457.31,,,,
44489,35609.34,,,,
44490,35603.08,,,,
44491,35677.02,,,,
44494,35741.15,,,,
44495,35756.88,,,,
44496,35490.69,,,,
44497,35730.48,,,,
44498,35819.56,,,,
44501,35913.84,,,,
44502,36052.63,,,,
44503,36157.58,,,,
44504,36124.23,,,,
44505,36327.95,,,,
44508,36432.22,,,,
44509,36319.98,,,,
44510,36079.94,,,,
44511,35921.23,,,,
44512,36100.31,,,,
44515,36087.45,,,,
44516,36142.22,,,,
44517,35931.05,,,,
44518,35870.95,,,,
44519,35601.98,,,,
44522,35619.25,,,,
44523,35813.8,,,,
44524,35804.38,,,,
44526,34899.34,,,,
44529,35135.94,,,,
44530,34483.72,,,,
44531,34022.04,,,,
44532,34639.79,,,,
44533,34580.08,,,,
44536,35227.03,,,,
44537,35719.43,,,,
44538,35754.75,,,,
44539,35754.69,,,,
44540,35970.99,,,,
44543,35650.95,,,,
44544,35544.18,,,,
44545,35927.43,,,,
44546,35897.64,,,,
44547,35365.44,,,,
44550,34932.16,,,,
44551,35492.7,,,,
44552,35753.89,,,,
44553,35950.56,,,,
44557,36302.38,,,,
44558,36398.21,,,,
44559,36488.63,,,,
44560,36398.08,,,,01/01/1900
44561,36338.3,,,,
44564,36585.06,,,,
44565,36799.65,,,,
44566,36407.11,,,,
44567,36236.47,,,,